,KRAS_pG12A,PTPN11_pG503A,TP53_pI232N
0,0,0,2
1,1,1,140
2,0,1,473
3,0,0,59
4,0,0,1
5,0,0,1
6,0,0,65
7,1,0,9
8,0,0,0
9,0,0,474
10,0,0,48
11,0,1,178
12,0,1,408
13,4,1,1
14,0,2,262
15,0,3,199
16,0,0,3
17,0,92,317
18,0,0,8
19,2,0,330
20,2,0,2
21,0,0,5
22,1,3,2
23,0,0,66
24,0,0,391
25,0,0,95
26,0,1,11
27,0,0,267
28,3,0,1
29,1,0,517
30,0,0,442
31,0,0,0
32,0,1,1
33,1,1,1
34,0,0,3
35,0,1,3
36,0,0,134
37,0,3,594
38,0,0,247
39,0,2,2
40,0,0,266
41,0,0,1
42,0,0,426
43,0,0,1
44,0,2,215
45,1,0,1
46,2,0,3
47,0,1,3
48,0,0,250
49,0,1,4
50,4,0,2
51,0,0,0
52,0,0,501
53,0,0,1
54,0,0,5
55,0,1,3
56,0,0,55
57,1,1,158
58,0,0,2
59,2,2,2
60,0,0,5
61,2,0,764
62,0,0,148
63,1,0,476
64,0,0,4
65,0,1,2
66,0,9,1053
67,0,0,3
68,0,1,488
69,0,0,163
70,0,0,89
71,0,0,1
72,0,0,1
73,1,0,3
74,0,1,6
75,1,0,343
76,0,0,162
77,0,0,55
78,0,1,2
79,1,0,3
80,0,0,2
81,0,2,97
82,0,0,30
83,5,0,5
84,0,6,224
85,0,1,3
86,2,34,249
87,0,0,0
88,0,0,24
89,0,0,3
90,0,2,119
91,0,1,3
92,0,0,2
93,0,0,197
94,0,1,50
95,0,0,176
96,0,0,0
97,0,0,0
98,0,0,1
99,0,1,1
100,0,0,0
101,0,0,0
102,0,0,3
103,1,1,329
104,0,1,154
105,1,0,184
106,0,2,350
107,0,0,207
108,0,0,533
109,1,1,627
110,3,0,63
111,0,121,70
112,0,0,246
113,0,1,4
114,0,0,4
115,3,0,158
116,1,3,6
117,1,0,86
118,1,0,337
119,4,0,13
120,0,0,468
121,2,0,2
122,0,3,4
123,0,0,218
124,0,0,0
125,0,0,236
126,3,2,7
127,2,0,5
128,0,1,250
129,0,0,559
130,0,0,2
131,0,1,135
132,0,1,10
133,8,1,2
134,0,1,232
135,0,0,172
136,0,0,435
137,0,0,273
138,2,1,291
139,0,0,29
140,0,1,321
141,0,0,1
142,0,0,31
143,0,1,1
144,0,0,5
145,0,0,42
146,8,3,495
147,0,1,96
148,0,0,360
149,0,1,189
150,0,2,6
151,0,1,4
152,0,0,0
153,0,1,138
154,0,0,13
155,0,1,160
156,5,1,529
157,0,0,41
158,1,0,203
159,0,0,0
160,0,0,66
161,0,0,140
162,0,0,104
163,0,0,36
164,1,0,2
165,0,0,132
166,2,0,357
167,0,1,4
168,0,0,2
169,0,0,3
170,1,264,248
171,0,0,367
172,1,0,2
173,0,2,6
174,0,0,1
175,0,0,1
176,0,0,218
177,0,1,252
178,0,1,194
179,0,2,221
180,0,0,5
181,0,3,1
182,0,0,354
183,0,1,111
184,0,0,1
185,2,0,7
186,0,4,4
187,0,1,638
188,1,0,392
189,0,0,236
190,0,1,4
191,0,0,3
192,1,2,808
193,0,0,380
194,0,0,0
195,0,0,276
196,0,0,163
197,2,0,4
198,0,0,189
199,0,1,0
200,2,0,2
201,0,2,2
202,0,0,114
203,0,1,539
204,1,0,2
205,0,1,298
206,0,0,1
207,0,1,485
208,1,0,162
209,0,2,5
210,0,0,214
211,0,0,269
212,0,0,0
213,0,1,379
214,0,0,85
215,0,0,19
216,0,0,438
217,0,2,220
218,0,0,476
219,0,0,389
220,2,0,4
221,1,7,142
222,0,0,1
223,0,0,252
224,2,2,1
225,0,0,272
226,0,0,3
227,0,0,195
228,0,0,0
229,0,0,3
230,0,0,1
231,0,2,543
232,0,1,0
233,0,0,3
234,0,2,71
235,0,0,184
236,1,0,3
237,0,0,266
238,0,0,8
239,1,1,241
240,2,0,6
241,0,0,1
242,0,2,4
243,1,1,3
244,0,1,5
245,1,0,30
246,0,0,3
247,0,1,280
248,0,0,2
249,0,1,453
250,0,0,23
251,0,0,1
252,0,0,226
253,0,0,288
254,1,1,394
255,2,1,320
256,0,2,1
257,0,0,73
258,0,0,138
259,7,0,224
260,0,0,92
261,1,0,139
262,0,0,5
263,0,0,553
264,0,0,0
265,0,0,1
266,0,0,1
267,0,0,65
268,0,1,90
269,2,1,4
270,1,0,4
271,0,0,0
272,0,0,177
273,0,0,1
274,0,0,0
275,0,0,0
276,0,2,7
277,0,0,58
278,0,0,387
279,0,0,0
280,0,0,2
281,1,0,40
282,0,0,176
283,1,55,25
284,0,1,0
285,0,0,0
286,0,0,1
287,0,2,5
288,0,0,394
289,0,2,629
290,0,1,5
291,0,1,5
292,0,0,69
293,0,1,447
294,1,0,2
295,0,0,1
296,0,0,1
297,0,0,3
298,0,1,354
299,0,0,108
300,1,0,1
301,0,0,141
302,0,0,314
303,0,1,170
304,0,1,516
305,2,0,1
306,0,1,362
307,0,0,246
308,0,0,1
309,1,3,4
310,0,0,251
311,0,0,219
312,0,0,1
313,0,1,531
314,0,0,49
315,5,0,253
316,0,1,117
317,1,1,1
318,0,1,496
319,0,0,116
320,0,0,0
321,0,1,0
322,0,0,156
323,0,0,238
324,0,0,4
325,0,0,436
326,0,1,93
327,0,0,23
328,0,0,1
329,0,0,142
330,0,0,158
331,0,0,152
332,3,0,3
333,1,9,619
334,0,1,425
335,0,0,2
336,0,0,4
337,0,1,5
338,0,1,321
339,0,0,84
340,0,0,1
341,0,1,2
342,4,0,7
343,0,1,3
344,4,0,312
345,0,0,1
346,1,0,52
347,0,0,4
348,0,0,82
349,0,1,8
350,0,0,211
351,0,2,97
352,2,2,716
353,0,1,7
354,0,0,6
355,0,1,3
356,0,0,1
357,2,0,4
358,0,0,504
359,0,1,157
360,3,4,886
361,0,1,201
362,0,1,120
363,0,1,4
364,0,0,103
365,2,2,491
366,0,0,425
367,0,0,180
368,0,0,3
369,0,0,189
370,0,0,91
371,0,1,1
372,0,0,195
373,0,0,0
374,1,0,190
375,2,0,2
376,0,1,57
377,0,0,0
378,0,0,1
379,0,1,1
380,0,0,1
381,0,0,5
382,0,2,477
383,0,1,173
384,0,0,0
385,0,1,1
386,16,0,2
387,0,0,148
388,0,2,364
389,0,2,6
390,0,0,347
391,0,1,2
392,1,2,11
393,0,2,2
394,1,0,2
395,0,0,271
396,0,2,2
397,0,0,285
398,1,1,433
399,0,1,299
400,0,0,210
401,0,0,67
402,0,2,1
403,0,0,69
404,0,0,4
405,0,0,68
406,0,4,17
407,2,0,4
408,0,2,33
409,0,0,6
410,0,0,5
411,1,0,215
412,0,0,1
413,0,1,7
414,0,1,293
415,0,0,9
416,0,1,266
417,0,0,213
418,0,0,0
419,0,0,798
420,0,0,130
421,0,1,168
422,0,0,3
423,0,0,76
424,0,0,252
425,0,0,359
426,0,0,0
427,0,2,353
428,0,2,3
429,0,0,4
430,2,2,2
431,0,1,338
432,1,2,493
433,0,0,375
434,0,0,9
435,0,0,3
436,0,1,1
437,0,0,226
438,0,1,10
439,0,0,0
440,9,0,1
441,0,0,290
442,0,1,115
443,0,0,2
444,0,0,284
445,4,2,8
446,0,1,9
447,0,0,2
448,1,2,200
449,0,0,2
450,2,0,347
451,0,0,1
452,3,1,5
453,0,0,20
454,0,0,44
455,0,1,1
456,1,1,3
457,0,0,4
458,0,1,341
459,0,2,6
460,0,0,255
461,0,1,7
462,1,0,0
463,3,2,6
464,0,0,101
465,0,0,1
466,0,0,63
467,0,0,268
468,0,0,9
469,0,0,3
470,0,11,10
471,0,1,5
472,0,0,105
473,0,0,78
474,4,0,448
475,0,0,1
476,0,3,113
477,0,0,32
478,0,0,98
479,0,0,2
480,0,0,17
481,2,1,3
482,1,0,0
483,0,0,0
484,0,0,0
485,0,0,3
486,0,0,1
487,0,1,203
488,0,0,98
489,0,0,20
490,0,0,246
491,0,0,1
492,0,0,238
493,0,1,8
494,0,0,124
495,0,0,1
496,3,0,3
497,0,0,183
498,0,0,332
499,0,0,102
500,0,0,423
501,0,0,133
502,0,1,75
503,1,0,245
504,2,2,20
505,0,0,127
506,0,0,0
507,0,0,295
508,2,1,3
509,0,1,245
510,0,0,302
511,0,0,63
512,10,0,2
513,0,0,116
514,0,0,4
515,0,0,124
516,0,0,1
517,0,1,2
518,0,1,366
519,0,3,379
520,2,0,2
521,1,1,110
522,2,0,165
523,0,0,30
524,2,1,2
525,0,3,132
526,0,0,118
527,0,0,146
528,0,1,500
529,0,1,121
530,0,0,1
531,0,0,205
532,0,1,5
533,0,1,1
534,0,1,2
535,0,0,0
536,6,1,5
537,0,0,1
538,0,0,5
539,0,0,32
540,0,0,237
541,0,0,79
542,0,45,273
543,0,0,278
544,0,1,5
545,0,129,17
546,0,21,791
547,0,0,279
548,0,0,0
549,0,0,11
550,0,0,0
551,0,0,153
552,0,0,221
553,0,0,1
554,0,0,2
555,0,0,1
556,2,0,7
557,0,1,404
558,0,0,209
559,2,0,3
560,2,1,301
561,0,1,287
562,0,5,2
563,0,0,1
564,0,0,5
565,0,1,567
566,0,1,2
567,7,0,291
568,1,0,99
569,0,0,156
570,3,1,1
571,1,0,1
572,0,1,478
573,0,0,145
574,0,3,554
575,0,0,195
576,1,1,269
577,0,0,1
578,0,1,89
579,0,1,1
580,0,0,89
581,0,1,440
582,0,0,3
583,0,1,0
584,0,0,49
585,0,1,3
586,0,0,98
587,0,0,1
588,0,0,6
589,0,2,864
590,1,1,1
591,0,0,1
592,0,0,2
593,4,1,3
594,1,3,288
595,0,0,71
596,0,0,244
597,0,0,83
598,1,1,609
599,0,1,251
600,0,0,347
601,1,1,6
602,0,0,232
603,0,0,2
604,0,0,0
605,1,0,319
606,0,0,6
607,0,0,59
608,0,3,1
609,0,0,0
610,0,0,52
611,0,0,6
612,0,0,0
613,1,2,6
614,0,1,1
615,1,0,1
616,2,0,10
617,0,1,1
618,0,2,295
619,0,1,0
620,0,0,1
621,0,0,1
622,0,0,1
623,0,1,161
624,0,0,0
625,0,0,3
626,0,0,0
627,0,0,3
628,0,0,171
629,0,1,0
630,0,0,236
631,0,0,417
632,0,11,147
633,0,1,5
634,0,0,52
635,0,0,98
636,0,0,3
637,0,0,0
638,1,0,3
639,0,0,155
640,2,0,8
641,0,1,258
642,0,0,8
643,0,1,2
644,0,2,171
645,0,1,108
646,0,0,287
647,0,0,186
648,0,0,0
649,0,0,0
650,2,1,6
651,0,1,409
652,0,0,0
653,0,0,0
654,0,0,178
655,0,1,125
656,0,0,253
657,0,1,2
658,0,0,303
659,0,0,0
660,4,1,447
661,0,0,34
662,0,0,233
663,2,0,375
664,1,2,1016
665,0,0,1
666,0,0,86
667,0,0,157
668,0,0,193
669,0,0,6
670,0,1,0
671,0,3,6
672,0,0,92
673,0,1,321
674,0,2,14
675,0,1,114
676,0,0,0
677,0,0,312
678,0,1,21
679,1,1,328
680,5,0,380
681,0,0,0
682,1,1,4
683,0,1,1
684,0,0,523
685,0,1,2
686,0,0,258
687,0,2,0
688,0,2,241
689,0,1,1
690,0,0,3
691,0,0,2
692,0,0,350
693,0,3,222
694,0,1,196
695,0,0,247
696,0,0,32
697,0,0,201
698,0,0,0
699,23,0,161
700,0,0,7
701,0,0,1
702,1,25,203
703,0,0,312
704,1,0,3
705,0,0,517
706,0,0,0
707,0,1,111
708,0,0,144
709,0,0,560
710,3,1,5
711,0,1,13
712,0,0,16
713,0,1,336
714,0,2,3
715,0,2,6
716,0,0,60
717,0,1,48
718,1,0,3
719,0,0,3
720,0,0,183
721,0,0,46
722,0,19,580
723,1,0,216
724,0,1,110
725,0,0,5
726,0,1,45
727,0,0,3
728,0,1,171
729,0,1,232
730,0,0,279
731,0,0,0
732,0,1,10
733,2,0,693
734,1,0,221
735,1,7,293
736,0,0,293
737,0,0,367
738,0,0,1
739,0,1,194
740,0,0,183
741,0,0,8
742,0,0,176
743,0,0,258
744,0,1,112
745,4,2,647
746,0,0,100
747,0,0,257
748,4,2,513
749,0,1,3
750,0,1,424
751,0,0,323
752,0,1,331
753,0,1,154
754,0,0,4
755,1,0,348
756,0,0,1
757,34,1,0
758,0,123,152
759,0,1,515
760,0,0,415
761,0,0,198
762,0,0,2
763,0,0,213
764,1,1,8
765,0,0,221
766,0,0,153
767,0,138,309
768,0,0,3
769,0,1,258
770,0,0,96
771,0,0,4
772,0,1,7
773,0,0,418
774,0,0,4
775,0,1,254
776,5,0,4
777,0,0,4
778,0,0,213
779,0,0,72
780,1,2,576
781,0,1,112
782,0,1,1
783,0,0,86
784,0,0,62
785,2,3,53
786,0,0,75
787,0,1,2
788,0,0,184
789,1,0,4
790,0,0,13
791,0,0,1
792,0,0,3
793,2,0,6
794,0,0,1
795,0,0,52
796,0,0,516
797,1,0,0
798,0,0,2
799,2,0,3
800,0,0,213
801,0,0,197
802,0,0,3
803,439,3,532
804,0,3,8
805,0,0,2
806,0,0,1
807,0,0,326
808,0,0,191
809,0,0,131
810,0,0,43
811,0,2,1
812,2,0,205
813,0,0,125
814,0,1,194
815,0,0,135
816,0,0,3
817,0,1,84
818,2,0,2
819,1,1,153
820,0,0,201
821,1,0,0
822,0,3,492
823,0,0,0
824,9,1,8
825,0,1,408
826,0,0,156
827,0,0,749
828,0,1,387
829,0,0,267
830,0,1,422
831,0,0,227
832,0,1,139
833,0,0,149
834,1,0,775
835,0,0,2
836,0,0,461
837,0,0,0
838,4,1,306
839,0,1,198
840,0,0,4
841,0,1,194
842,0,0,25
843,43,0,102
844,0,0,397
845,0,0,286
846,0,0,164
847,0,0,1
848,0,0,5
849,4,0,3
850,0,0,117
851,0,0,205
852,2,1,304
853,0,0,133
854,1,0,7
855,0,0,36
856,0,0,0
857,0,2,430
858,2,0,0
859,0,0,134
860,0,1,1
861,1,0,1
862,3,0,4
863,0,1,2
864,0,0,4
865,0,1,2
866,0,0,3
867,0,0,5
868,0,0,3
869,0,2,4
870,0,2,39
871,0,1,4
872,0,0,0
873,0,0,0
874,0,0,84
875,0,1,329
876,0,0,257
877,0,0,393
878,0,0,1
879,0,0,27
880,0,0,2
881,2,1,1
882,2,0,657
883,0,0,1
884,0,3,525
885,0,0,5
886,8,0,6
887,1,1,0
888,0,3,877
889,0,0,100
890,0,0,1
891,0,0,2
892,0,0,343
893,1,6,271
894,0,0,393
895,0,0,1
896,0,0,227
897,0,0,183
898,0,0,262
899,0,0,287
900,0,0,337
901,0,0,2
902,0,0,240
903,0,0,266
904,1,0,1
905,1,0,320
906,1,0,4
907,23,0,7
908,0,0,58
909,4,5,691
910,0,0,273
911,0,0,38
912,0,1,0
913,0,0,393
914,0,1,467
915,0,1,4
916,0,1,0
917,0,0,208
918,0,2,181
919,0,0,269
920,0,0,5
921,0,2,4
922,1,0,0
923,0,0,2
924,0,0,189
925,0,0,5
926,1,0,0
927,0,4,262
928,0,2,3
929,0,0,231
930,0,0,181
931,0,0,1
932,0,2,153
933,0,1,1
934,1,0,3
935,0,1,407
936,0,0,7
937,0,0,362
938,0,0,258
939,0,21,130
940,0,0,189
941,0,1,4
942,0,0,3
943,0,0,177
944,0,0,0
945,0,1,203
946,3,1,3
947,0,0,545
948,0,0,255
949,0,0,82
950,0,3,233
951,0,0,106
952,0,0,60
953,0,0,150
954,0,0,403
955,0,0,1
956,2,0,1
957,0,0,0
958,7,0,1
959,1,10,514
960,0,0,158
961,0,1,311
962,0,0,230
963,2,0,0
964,0,0,1
965,2,4,7
966,1,2,4
967,0,0,178
968,0,0,240
969,0,0,204
970,0,0,1
971,0,0,4
972,0,0,5
973,0,0,5
974,0,0,3
975,0,0,302
976,0,0,3
977,0,2,189
978,0,0,4
979,0,0,156
980,0,0,0
981,0,1,94
982,0,0,554
983,0,2,338
984,0,1,383
985,0,0,71
986,0,0,14
987,0,0,78
988,0,0,67
989,1,0,6
990,0,0,2
991,0,0,4
992,0,3,0
993,1,6,4
994,0,2,258
995,0,0,0
996,6,0,3
997,0,1,219
998,0,0,1
999,280,2,183
1000,0,1,1
1001,0,1,3
1002,0,1,1
1003,1,1,271
1004,1,1,5
1005,0,0,279
1006,0,0,56
1007,0,0,0
1008,1,0,301
1009,0,0,3
1010,2,0,94
1011,0,0,333
1012,0,1,3
1013,0,0,585
1014,0,0,152
1015,0,1,89
1016,0,0,1
1017,0,1,4
1018,0,0,2
1019,0,0,33
1020,0,0,1
1021,0,0,171
1022,0,6,586
1023,0,46,133
1024,0,0,133
1025,2,1,142
1026,0,0,184
1027,0,2,246
1028,0,1,134
1029,0,2,363
1030,4,15,335
1031,0,2,5
1032,0,0,468
1033,0,0,2
1034,2,1,2
1035,0,1,0
1036,2,0,67
1037,0,0,140
1038,11,1,2
1039,0,0,2
1040,0,0,580
1041,1,0,2
1042,2,0,8
1043,0,1,34
1044,0,1,259
1045,0,0,155
1046,0,0,362
1047,0,1,323
1048,0,0,2
1049,0,0,94
1050,0,0,2
1051,0,0,371
1052,0,3,6
1053,2,2,3
1054,0,1,139
1055,0,1,280
1056,0,0,0
1057,0,0,388
1058,0,0,501
1059,0,0,28
1060,0,1,208
1061,1,1,814
1062,0,0,94
1063,0,119,549
1064,2,2,290
1065,0,0,0
1066,0,0,0
1067,0,0,572
1068,4,0,5
1069,0,0,6
1070,0,1,874
1071,2,0,246
1072,0,0,1
1073,0,3,519
1074,0,2,163
1075,0,0,167
1076,0,1,2
1077,0,0,287
1078,0,0,169
1079,0,0,1
1080,0,1,383
1081,0,0,335
1082,0,0,1
1083,0,0,142
1084,0,0,178
1085,0,0,68
1086,0,0,99
1087,0,0,3
1088,0,0,1
1089,0,0,309
1090,0,0,299
1091,18,87,586
1092,0,0,257
1093,0,0,0
1094,0,0,83
1095,0,1,4
1096,0,0,60
1097,0,1,5
1098,0,1,3
1099,0,0,118
1100,0,1,1
1101,0,0,2
1102,2,0,72
1103,0,25,62
1104,0,0,0
1105,1,0,4
1106,0,0,1
1107,2,0,321
1108,1,2,7
1109,0,0,1
1110,1,2,2
1111,0,0,1
1112,0,0,341
1113,0,0,1
1114,0,1,787
1115,0,0,49
1116,0,0,0
1117,0,0,39
1118,0,0,81
1119,2,0,1
1120,0,0,4
1121,0,1,4
1122,0,0,0
1123,0,0,24
1124,0,0,101
1125,0,0,75
1126,0,0,8
1127,0,2,416
1128,1,0,1
1129,0,0,257
1130,0,1,119
1131,0,0,122
1132,0,0,1
1133,0,0,0
1134,0,0,87
1135,0,0,163
1136,0,0,568
1137,0,0,169
1138,0,0,152
1139,0,0,4
1140,1,0,3
1141,0,0,29
1142,0,1,3
1143,1,1,1
1144,0,1,186
1145,0,0,2
1146,0,0,6
1147,1,0,86
1148,5,3,239
1149,0,0,3
1150,1,1,6
1151,0,1,6
1152,0,0,2
1153,0,0,0
1154,0,0,2
1155,2,0,4
1156,0,0,91
1157,2,0,3
1158,0,1,395
1159,4,0,7
1160,4,1,5
1161,2,1,5
1162,0,3,1258
1163,0,0,7
1164,0,1,3
1165,0,0,208
1166,0,0,4
1167,1,1,6
1168,0,0,2
1169,2,2,4
1170,0,1,155
1171,0,1,2
1172,2,0,508
1173,5,0,0
1174,0,1,4
1175,6,1,436
1176,2,0,2
1177,0,2,261
1178,0,0,373
1179,0,0,0
1180,0,0,92
1181,0,0,313
1182,0,0,2
1183,0,3,16
1184,0,1,517
1185,0,1,4
1186,0,0,96
1187,0,4,257
1188,0,1,181
1189,0,0,131
1190,0,0,116
1191,0,0,0
1192,0,0,0
1193,0,0,161
1194,0,1,480
1195,0,0,2
1196,0,0,88
1197,0,2,264
1198,0,3,141
1199,0,0,226
1200,4,0,2
1201,0,1,2
1202,0,2,401
1203,0,1,52
1204,0,0,0
1205,0,1,12
1206,0,0,3
1207,2,0,3
1208,0,0,295
1209,0,0,262
1210,0,0,1
1211,2,0,193
1212,0,1,227
1213,0,1,363
1214,0,0,399
1215,1,1,1
1216,0,0,0
1217,0,0,55
1218,2,0,2
1219,0,0,564
1220,2,11,1
1221,0,0,2
1222,299,0,111
1223,0,2,0
1224,0,0,0
1225,0,0,272
1226,2,1,531
1227,0,0,107
1228,0,0,134
1229,2,2,495
1230,0,0,317
1231,1,4,237
1232,0,0,236
1233,0,1,1
1234,1,0,2
1235,0,2,5
1236,0,1,6
1237,0,0,257
1238,0,1,1
1239,0,0,42
1240,0,1,334
1241,0,1,169
1242,5,0,142
1243,0,0,33
1244,0,0,24
1245,0,0,3
1246,0,0,215
1247,1,2,332
1248,0,1,6
1249,0,0,417
1250,0,0,211
1251,6,0,1
1252,0,1,127
1253,0,1,3
1254,0,0,350
1255,0,0,2
1256,0,2,3
1257,0,0,72
1258,0,1,189
1259,0,2,152
1260,0,0,184
1261,0,0,197
1262,0,0,1
1263,3,0,3
1264,777,1,580
1265,0,0,154
1266,2,0,5
1267,1,2,277
1268,0,0,250
1269,0,0,287
1270,0,0,378
1271,0,0,88
1272,0,0,1
1273,2,0,1
1274,0,0,2
1275,0,0,0
1276,0,1,183
1277,0,2,5
1278,0,0,6
1279,0,0,113
1280,0,0,33
1281,1,0,2
1282,1,0,21
1283,0,0,1
1284,0,0,163
1285,2,177,256
1286,0,0,2
1287,0,1,2
1288,0,0,230
1289,0,0,633
1290,0,2,0
1291,0,0,7
1292,0,0,442
1293,0,0,7
1294,0,0,19
1295,0,0,3
1296,0,0,0
1297,0,0,405
1298,0,0,180
1299,0,0,1
1300,1,0,0
1301,0,0,0
1302,0,90,401
1303,0,0,18
1304,0,0,118
1305,1,0,381
1306,0,0,5
1307,0,0,555
1308,2,2,2
1309,4,2,1098
1310,2,0,4
1311,0,0,3
1312,0,0,2
1313,0,0,266
1314,0,0,3
1315,0,0,0
1316,0,0,2
1317,2,0,384
1318,0,0,187
1319,0,0,336
1320,0,1,5
1321,0,0,1
1322,0,1,224
1323,0,0,0
1324,0,1,307
1325,0,0,5
1326,0,0,0
1327,0,1,7
1328,1,1,3
1329,1,0,0
1330,0,3,0
1331,0,0,0
1332,0,1,1
1333,0,0,214
1334,0,0,161
1335,0,16,46
1336,0,1,3
1337,0,0,1
1338,0,0,161
1339,0,0,0
1340,2,1,4
1341,0,1,696
1342,0,0,258
1343,0,0,143
1344,1,0,3
1345,0,0,135
1346,1,0,0
1347,0,0,5
1348,0,0,7
1349,0,0,342
1350,1,1,1
1351,0,1,237
1352,1,0,3
1353,0,1,61
1354,0,0,77
1355,0,1,325
1356,0,0,188
1357,0,2,7
1358,0,0,89
1359,0,0,0
1360,0,51,25
1361,0,0,220
1362,0,0,156
1363,0,2,860
1364,0,0,62
1365,1,0,3
1366,0,0,355
1367,0,1,463
1368,0,1,536
1369,2,0,34
1370,1,2,350
1371,0,0,26
1372,0,0,337
1373,1,1,4
1374,1,1,464
1375,0,0,118
1376,0,0,63
1377,0,0,224
1378,0,3,434
1379,0,0,0
1380,0,0,2
1381,0,0,22
1382,0,0,8
1383,0,0,2
1384,2,0,3
1385,0,1,19
1386,0,0,422
1387,2,0,84
1388,0,0,2
1389,1,0,164
1390,0,0,4
1391,0,0,644
1392,0,0,64
1393,2,0,1
1394,3,0,0
1395,453,0,199
1396,2,1,32
1397,2,0,833
1398,0,0,58
1399,0,0,27
1400,0,1,276
1401,0,0,2
1402,0,0,41
1403,0,2,82
1404,0,0,431
1405,0,48,173
1406,0,1,36
1407,0,1,545
1408,3,0,9
1409,0,0,2
1410,0,1,345
1411,0,0,18
1412,0,1,5
1413,0,0,288
1414,0,0,51
1415,0,2,301
1416,0,0,2
1417,0,0,58
1418,0,0,3
1419,4,1,553
1420,0,0,2
1421,0,1,648
1422,0,0,2
1423,0,0,209
1424,0,0,566
1425,0,1,5
1426,0,1,222
1427,0,0,1
1428,0,0,4
1429,0,0,2
1430,1,1,8
1431,0,3,443
1432,0,0,388
1433,0,1,193
1434,0,0,39
1435,2,0,343
1436,0,0,2
1437,0,1,1
1438,0,1,5
1439,0,0,1
1440,2,4,5
1441,0,1,3
1442,0,4,255
1443,0,0,8
1444,0,0,106
1445,0,0,162
1446,0,1,447
1447,0,0,107
1448,0,0,67
1449,0,0,0
1450,0,0,44
1451,0,0,0
1452,0,1,1
1453,0,0,1
1454,0,1,0
1455,0,3,537
1456,0,1,452
1457,0,0,15
1458,0,1,279
1459,0,0,0
1460,1,0,2
1461,0,0,466
1462,1,0,4
1463,0,4,306
1464,0,0,157
1465,0,0,65
1466,2,1,7
1467,0,0,195
1468,0,0,2
1469,0,0,1
1470,0,1,436
1471,0,0,113
1472,0,0,277
1473,0,0,145
1474,0,0,1
1475,0,1,0
1476,0,1,1
1477,1,1,3
1478,1,0,3
1479,0,2,179
1480,0,0,63
1481,0,0,2
1482,0,2,3
1483,1,0,3
1484,0,0,0
1485,0,0,0
1486,0,0,44
1487,0,0,488
1488,0,0,0
1489,0,0,0
1490,2,0,99
1491,0,1,1
1492,0,0,405
1493,1,0,0
1494,0,0,241
1495,0,0,427
1496,0,0,5
1497,0,1,365
1498,0,0,176
1499,1,0,0
1500,0,2,0
1501,1,1,5
1502,1,0,8
1503,0,0,2
1504,0,2,4
1505,0,1,180
1506,0,0,293
1507,0,1,568
1508,0,2,694
1509,0,0,17
1510,0,0,0
1511,3,3,5
1512,3,4,3
1513,0,2,294
1514,1,1,6
1515,0,0,2
1516,0,2,301
1517,2,0,301
1518,0,0,95
1519,1,0,2
1520,0,0,156
1521,0,0,60
1522,1,0,482
1523,0,2,4
1524,0,0,0
1525,2,1,4
1526,0,1,110
1527,0,0,140
1528,1,0,8
1529,1,1,1
1530,0,0,265
1531,0,0,343
1532,1,0,260
1533,1,1,0
1534,0,0,2
1535,0,1,1
1536,0,0,551
1537,1,0,103
1538,0,0,0
1539,4,0,6
1540,0,0,176
1541,0,0,113
1542,0,0,61
1543,0,0,3
1544,0,1,355
1545,0,0,212
1546,0,22,47
1547,0,1,367
1548,0,1,109
1549,2,1,7
1550,0,1,46
1551,0,0,93
1552,0,1,10
1553,1,1,3
1554,1,0,2
1555,0,0,222
1556,0,1,477
1557,0,0,0
1558,0,1,2
1559,0,0,0
1560,0,0,3
1561,2,0,188
1562,0,0,116
1563,0,0,114
1564,0,1,142
1565,0,0,38
1566,0,0,0
1567,0,0,485
1568,0,1,183
1569,0,0,210
1570,0,1,156
1571,0,0,207
1572,1,0,1
1573,0,0,0
1574,0,0,169
1575,0,0,1
1576,0,0,289
1577,0,0,7
1578,0,0,64
1579,0,1,1
1580,0,0,3
1581,0,1,178
1582,0,0,81
1583,1,1,0
1584,0,0,338
1585,0,0,4
1586,0,0,53
1587,1,1,0
1588,0,1,177
1589,0,0,2
1590,0,0,6
1591,0,4,590
1592,1,0,2
1593,0,0,231
1594,1,0,1
1595,0,1,158
1596,5,2,661
1597,0,0,329
1598,0,0,0
1599,0,0,6
1600,0,0,0
1601,0,1,2
1602,0,1,186
1603,0,0,3
1604,0,1,0
1605,0,0,22
1606,0,0,314
1607,0,0,94
1608,0,0,90
1609,0,1,2
1610,0,0,1
1611,0,0,4
1612,0,1,12
1613,0,0,293
1614,0,0,42
1615,2,7,21
1616,0,1,284
1617,1,0,1
1618,0,0,1
1619,0,1,2
1620,0,0,155
1621,0,0,235
1622,0,0,129
1623,0,0,45
1624,0,1,806
1625,0,1,241
1626,2,1,228
1627,0,1,313
1628,0,1,456
1629,0,1,15
1630,1,4,6
1631,0,0,3
1632,0,1,4
1633,0,1,1
1634,2,1,2
1635,0,0,89
1636,0,0,4
1637,0,2,387
1638,0,0,225
1639,0,0,1
1640,0,0,1
1641,0,0,84
1642,0,1,187
1643,0,1,6
1644,0,0,473
1645,0,0,255
1646,0,0,1
1647,2,1,356
1648,1,0,200
1649,0,0,0
1650,53,0,181
1651,0,1,196
1652,0,0,146
1653,0,0,4
1654,0,1,1
1655,10,1,334
1656,0,0,3
1657,0,345,1083
1658,0,0,2
1659,0,0,4
1660,0,0,122
1661,0,1,136
1662,0,0,171
1663,0,1,2
1664,0,1,243
1665,0,0,128
1666,0,1,234
1667,0,0,348
1668,0,0,203
1669,0,0,1
1670,1,0,369
1671,0,0,107
1672,0,0,467
1673,0,0,2
1674,0,1,2
1675,0,0,177
1676,0,2,1
1677,0,1,1
1678,0,4,580
1679,0,0,745
1680,0,0,3
1681,0,1,133
1682,0,4,3
1683,2,0,2
1684,0,0,3
1685,0,3,371
1686,0,0,4
1687,0,0,30
1688,1,0,528
1689,0,0,311
1690,0,0,179
1691,0,0,223
1692,0,0,4
1693,0,0,1
1694,0,1,1
1695,0,0,45
1696,0,0,180
1697,0,0,0
1698,1,0,3
1699,0,0,333
1700,0,0,81
1701,0,0,0
1702,0,1,273
1703,0,0,129
1704,0,0,5
1705,0,0,203
1706,0,1,6
1707,1,0,1
1708,2,0,1
1709,0,0,0
1710,0,0,2
1711,0,0,89
1712,0,1,1
1713,1,0,489
1714,0,1,2
1715,0,0,106
1716,0,1,3
1717,1,1,4
1718,0,0,1
1719,0,0,5
1720,0,0,95
1721,0,0,195
1722,245,0,234
1723,0,0,174
1724,0,0,210
1725,0,0,260
1726,0,0,361
1727,0,0,136
1728,0,1,206
1729,0,0,124
1730,2,0,21
1731,5,0,1
1732,0,0,95
1733,0,0,77
1734,0,1,42
1735,0,0,265
1736,72,1,5
1737,1,0,4
1738,0,0,229
1739,1,0,0
1740,0,0,100
1741,0,0,1
1742,0,0,0
1743,0,1,373
1744,0,0,165
1745,7,1,7
1746,0,0,133
1747,0,2,477
1748,0,0,569
1749,0,1,133
1750,0,0,166
1751,0,1,136
1752,0,0,148
1753,2,1,280
1754,0,0,3
1755,0,1,40
1756,0,0,1
1757,0,0,177
1758,0,0,5
1759,0,0,443
1760,0,0,0
1761,1,1,423
1762,0,1,11
1763,0,1,207
1764,0,2,319
1765,0,0,426
1766,0,0,95
1767,0,0,0
1768,0,0,198
1769,0,1,543
1770,0,0,175
1771,0,0,7
1772,4,1,241
1773,0,0,127
1774,0,0,3
1775,6,1,441
1776,0,0,114
1777,0,0,154
1778,0,0,12
1779,0,1,0
1780,0,0,1
1781,0,0,1
1782,1,0,205
1783,0,0,209
1784,0,0,3
1785,0,0,314
1786,0,0,170
1787,0,0,4
1788,0,0,1
1789,0,0,114
1790,0,0,7
1791,0,0,0
1792,0,0,84
1793,0,1,551
1794,0,0,91
1795,0,1,0
1796,0,2,214
1797,0,0,342
1798,0,0,1
1799,0,0,25
1800,0,0,291
1801,0,0,83
1802,0,0,3
1803,0,0,6
1804,0,0,3
1805,2,2,7
1806,0,0,152
1807,0,0,0
1808,0,0,9
1809,2,2,872
1810,0,0,1
1811,0,1,3
1812,0,0,3
1813,0,2,481
1814,0,0,4
1815,0,0,126
1816,0,1,225
1817,0,1,85
1818,3,2,460
1819,0,1,219
1820,0,0,0
1821,0,1,181
1822,1,0,277
1823,0,0,318
1824,0,0,0
1825,0,0,109
1826,2,0,3
1827,0,0,6
1828,0,0,251
1829,0,1,174
1830,0,1,425
1831,0,0,177
1832,0,0,2
1833,0,1,383
1834,0,1,2
1835,0,1,2
1836,0,0,305
1837,0,3,518
1838,0,1,2
1839,0,0,33
1840,3,0,3
1841,0,1,58
1842,0,0,131
1843,1,0,5
1844,2,0,5
1845,0,0,237
1846,0,0,338
1847,0,0,5
1848,0,0,248
1849,0,0,1
1850,0,0,78
1851,0,0,352
1852,0,0,0
1853,0,1,2
1854,2,0,5
1855,0,0,1
1856,2,1,448
1857,2,1,592
1858,0,0,650
1859,0,0,37
1860,0,0,152
1861,0,0,0
1862,0,0,29
1863,0,0,43
1864,1,0,311
1865,0,0,60
1866,0,0,125
1867,0,1,367
1868,0,1,155
1869,0,2,130
1870,0,0,7
1871,0,1,1
1872,0,0,39
1873,0,0,134
1874,0,0,1
1875,0,0,169
1876,432,2,461
1877,2,0,246
1878,0,0,449
1879,0,0,248
1880,0,0,471
1881,0,0,7
1882,0,0,93
1883,0,0,197
1884,0,0,2
1885,0,1,260
1886,0,3,2
1887,0,1,1
1888,0,0,0
1889,0,0,272
1890,0,0,505
1891,0,5,446
1892,1,0,6
1893,0,0,0
1894,0,0,101
1895,0,0,0
1896,0,1,3
1897,0,0,220
1898,1,0,1
1899,0,1,5
1900,0,0,7
1901,0,0,0
1902,0,0,101
1903,0,0,0
1904,0,0,147
1905,0,1,171
1906,0,0,0
1907,1,0,2
1908,0,0,0
1909,0,0,92
1910,2,0,0
1911,0,0,315
1912,2,52,898
1913,0,0,472
1914,0,1,0
1915,0,1,88
1916,1,1,480
1917,0,0,8
1918,6,1,8
1919,1,0,3
1920,2,1,8
1921,0,0,1
1922,1,1,428
1923,0,0,59
1924,0,0,2
1925,0,0,2
1926,0,0,1
1927,0,0,297
1928,0,0,3
1929,1,1,3
1930,0,0,6
1931,0,1,577
1932,0,0,5
1933,0,0,205
1934,0,0,104
1935,0,0,491
1936,2,0,185
1937,2,0,12
1938,0,0,213
1939,0,3,191
1940,0,0,128
1941,0,1,0
1942,5,1,7
1943,0,2,31
1944,0,0,2
1945,0,0,0
1946,0,2,1
1947,0,0,31
1948,0,0,2
1949,0,1,157
1950,1,0,0
1951,0,0,55
1952,0,0,323
1953,2,0,1
1954,0,0,153
1955,1,0,128
1956,0,0,0
1957,0,0,134
1958,0,0,610
1959,0,0,2
1960,0,1,276
1961,0,0,51
1962,0,0,1
1963,0,0,1
1964,0,0,133
1965,0,0,9
1966,0,0,0
1967,0,0,238
1968,0,0,0
1969,0,0,1
1970,0,0,1
1971,0,4,188
1972,0,0,69
1973,0,0,0
1974,0,0,47
1975,0,0,4
1976,0,1,7
1977,0,0,236
1978,0,1,4
1979,4,0,4
1980,0,0,203
1981,1,1,0
1982,0,0,429
1983,0,1,3
1984,1,0,89
1985,0,1,247
1986,0,0,922
1987,0,0,240
1988,0,0,6
1989,0,2,262
1990,0,0,237
1991,0,0,250
1992,0,1,45
1993,0,1,0
1994,0,1,1
1995,0,0,0
1996,2,0,364
1997,0,0,576
1998,0,0,1
1999,0,1,0
2000,0,0,119
2001,0,3,264
2002,8,2,525
2003,0,0,32
2004,0,0,2
2005,0,0,1
2006,0,0,1
2007,0,1,112
2008,1,0,4
2009,0,1,2
2010,0,1,324
2011,2,0,11
2012,2,0,11
2013,0,0,7
2014,1,0,273
2015,0,0,114
2016,0,0,511
2017,0,1,717
2018,0,0,6
2019,0,0,445
2020,0,0,369
2021,0,0,3
2022,0,1,400
2023,0,0,0
2024,0,1,164
2025,0,0,3
2026,0,0,326
2027,0,0,321
2028,0,0,4
2029,0,0,9
2030,0,1,168
2031,0,0,1
2032,0,1,0
2033,0,0,96
2034,0,0,240
2035,7,0,1
2036,1,1,0
2037,0,0,385
2038,0,0,1
2039,0,0,35
2040,0,1,232
2041,0,0,193
2042,0,0,41
2043,0,1,1
2044,0,1,2
2045,0,0,365
2046,0,1,283
2047,1,0,6
2048,0,3,2
2049,0,1,93
2050,0,0,8
2051,0,0,1
2052,0,1,112
2053,0,0,82
2054,0,0,19
2055,0,1,140
2056,10,2,2
2057,1,0,432
2058,0,1,4
2059,0,0,199
2060,0,0,320
2061,0,0,79
2062,1,2,158
2063,0,0,82
2064,0,3,304
2065,0,1,439
2066,0,2,1
2067,1,0,5
2068,2,1,388
2069,0,0,7
2070,0,1,7
2071,0,0,191
2072,0,0,4
2073,0,0,8
2074,1,2,420
2075,0,0,94
2076,0,2,9
2077,0,3,2
2078,0,0,1
2079,0,1,401
2080,1,0,364
2081,0,0,55
2082,0,0,44
2083,0,0,2
2084,3,1,7
2085,1,0,72
2086,0,0,1
2087,0,0,4
2088,0,0,8
2089,0,0,490
2090,3,0,691
2091,2,0,2
2092,0,2,180
2093,0,2,1
2094,0,0,5
2095,1,1,4
2096,0,0,3
2097,0,0,22
2098,0,0,230
2099,1,0,221
2100,0,0,3
2101,0,56,542
2102,0,1,3
2103,0,0,756
2104,0,1,3
2105,0,1,8
2106,1,0,2
2107,0,1,1
2108,0,0,111
2109,0,0,301
2110,0,0,165
2111,1,0,0
2112,0,0,56
2113,0,0,43
2114,0,1,5
2115,0,0,77
2116,0,0,22
2117,4,0,7
2118,0,0,2
2119,2,2,394
2120,2,1,296
2121,0,0,2
2122,0,0,236
2123,12,0,2
2124,1,0,182
2125,1,1,302
2126,0,1,242
2127,0,128,245
2128,0,0,1
2129,1,0,5
2130,0,0,325
2131,0,0,3
2132,0,1,5
2133,0,0,100
2134,0,1,294
2135,0,202,295
2136,1,2,7
2137,1,0,328
2138,0,1,4
2139,0,2,3
2140,0,1,383
2141,0,0,183
2142,0,1,2
2143,0,0,0
2144,0,0,224
2145,2,0,6
2146,0,1,164
2147,0,0,98
2148,0,0,272
2149,0,1,194
2150,0,0,200
2151,0,0,94
2152,0,1,6
2153,0,0,2
2154,2,1,1
2155,0,0,1
2156,0,2,4
2157,0,0,544
2158,0,0,0
2159,0,0,1
2160,0,0,0
2161,0,0,79
2162,0,0,413
2163,0,0,247
2164,2,0,0
2165,0,0,0
2166,0,3,6
2167,0,0,119
2168,0,0,95
2169,0,0,672
2170,0,0,105
2171,0,0,41
2172,0,0,1
2173,0,0,1
2174,0,1,345
2175,0,0,473
2176,0,0,396
2177,0,1,75
2178,187,0,133
2179,0,2,2
2180,0,0,273
2181,0,1,6
2182,0,1,28
2183,0,0,258
2184,0,0,376
2185,2,0,18
2186,0,2,10
2187,0,1,2
2188,0,1,5
2189,1,1,3
2190,0,1,6
2191,0,1,41
2192,0,1,275
2193,0,1,2
2194,0,2,365
2195,3,1,4
2196,0,1,1
2197,0,1,332
2198,0,0,224
2199,1,0,11
2200,0,0,6
2201,0,0,50
2202,0,2,0
2203,0,0,214
2204,0,0,279
2205,2,0,305
2206,8,0,1
2207,1,0,83
2208,0,0,1
2209,0,0,1
2210,0,1,1
2211,1,0,167
2212,2,1,243
2213,1,0,2
2214,0,3,373
2215,0,1,546
2216,0,0,3
2217,0,0,2
2218,0,0,1
2219,0,1,251
2220,0,0,1
2221,0,0,2
2222,5,0,4
2223,0,0,101
2224,0,0,1
2225,0,0,2
2226,0,0,2
2227,0,1,392
2228,0,0,0
2229,0,1,29
2230,0,0,154
2231,0,0,351
2232,0,0,241
2233,11,2,3
2234,1,0,254
2235,0,0,2
2236,0,0,1
2237,0,1,4
2238,2,0,425
2239,0,1,4
2240,0,2,1
2241,6,0,0
2242,0,1,70
2243,1,1,5
2244,0,0,2
2245,0,1,375
2246,0,0,250
2247,0,1,146
2248,1,1,542
2249,0,1,747
2250,0,0,81
2251,0,0,101
2252,0,2,318
2253,2,1,348
2254,0,2,5
2255,0,0,4
2256,1,0,2
2257,0,0,5
2258,2,0,0
2259,0,0,87
2260,4,0,137
2261,1,0,261
2262,0,0,3
2263,2,2,2
2264,1,1,321
2265,0,0,2
2266,0,0,38
2267,1,1,604
2268,2,0,0
2269,0,0,2
2270,0,1,0
2271,602,0,288
2272,0,0,391
2273,0,0,49
2274,0,0,166
2275,0,0,91
2276,0,0,3
2277,0,0,6
2278,0,0,140
2279,0,0,1
2280,3,0,490
2281,0,1,2
2282,0,0,472
2283,1,0,1
2284,1,0,0
2285,0,0,157
2286,0,0,460
2287,0,0,185
2288,2,0,2
2289,0,0,3
2290,2,6,211
2291,0,0,110
2292,0,0,301
2293,0,0,4
2294,0,0,339
2295,0,0,1
2296,0,1,1
2297,0,0,147
2298,0,0,486
2299,0,0,0
2300,0,0,332
2301,0,0,4
2302,0,0,2
2303,0,0,168
2304,0,1,52
2305,0,0,327
2306,0,0,1
2307,0,0,177
2308,0,0,363
2309,0,3,3
2310,0,0,70
2311,2,1,876
2312,0,0,100
2313,0,2,0
2314,0,3,2
2315,1,0,10
2316,0,0,0
2317,0,0,0
2318,0,1,1
2319,0,0,0
2320,0,0,2
2321,0,0,106
2322,0,0,0
2323,0,1,229
2324,0,0,270
2325,0,0,254
2326,0,0,1
2327,1,0,4
2328,2,0,2
2329,2,1,5
2330,0,0,278
2331,0,1,129
2332,0,9,712
2333,106,1,134
2334,2,2,646
2335,0,1,457
2336,0,0,4
2337,2,0,6
2338,0,3,619
2339,0,0,0
2340,0,2,3
2341,0,1,330
2342,0,0,38
2343,0,0,349
2344,0,0,432
2345,0,0,52
2346,0,2,333
2347,0,0,106
2348,1,3,2
2349,0,0,2
2350,0,0,1
2351,1,0,3
2352,0,0,152
2353,0,0,5
2354,0,0,124
2355,2,1,0
2356,0,0,3
2357,0,1,223
2358,1,0,132
2359,0,0,231
2360,1,1,283
2361,0,0,421
2362,0,0,3
2363,0,1,274
2364,0,0,76
2365,0,0,106
2366,0,0,246
2367,0,0,553
2368,2,4,16
2369,2,0,21
2370,0,0,7
2371,0,0,5
2372,0,0,3
2373,0,1,227
2374,1,1,3
2375,0,0,247
2376,0,1,270
2377,0,0,1
2378,1,0,4
2379,0,0,1
2380,0,0,7
2381,0,2,0
2382,1,1,294
2383,0,0,196
2384,0,0,2
2385,0,0,4
2386,0,0,1
2387,0,0,219
2388,1,0,1
2389,0,0,303
2390,0,0,38
2391,0,1,98
2392,0,0,5
2393,0,0,314
2394,2,0,2
2395,0,0,152
2396,0,0,204
2397,0,2,230
2398,0,0,3
2399,0,0,265
2400,0,2,30
2401,0,0,6
2402,2,0,3
2403,2,0,248
2404,0,0,16
2405,0,2,322
2406,0,1,102
2407,0,101,369
2408,0,0,0
2409,0,0,0
2410,0,1,1
2411,0,0,0
2412,0,0,42
2413,0,0,578
2414,0,1,205
2415,0,0,63
2416,0,0,2
2417,0,2,308
2418,0,0,2
2419,0,0,199
2420,0,1,3
2421,0,0,0
2422,0,0,262
2423,0,0,131
2424,1,0,437
2425,0,1,4
2426,1,0,10
2427,0,0,252
2428,0,0,191
2429,0,0,2
2430,0,0,0
2431,0,0,942
2432,0,2,4
2433,0,0,223
2434,0,1,2
2435,1,1,619
2436,5,3,0
2437,0,0,0
2438,0,0,284
2439,4,0,150
2440,2,1,6
2441,0,1,209
2442,0,0,121
2443,0,0,22
2444,0,1,1206
2445,0,0,61
2446,6,0,120
2447,2,0,29
2448,0,1,0
2449,1,0,3
2450,0,0,73
2451,0,0,178
2452,0,0,68
2453,1,0,2
2454,0,0,1
2455,3,2,3
2456,0,0,180
2457,2,1,3
2458,0,0,2
2459,0,0,5
2460,0,1,505
2461,0,0,164
2462,0,0,5
2463,1,0,6
2464,0,0,2
2465,4,1,261
2466,0,0,2
2467,0,33,111
2468,0,0,193
2469,0,0,1
2470,0,0,198
2471,1,0,4
2472,0,0,181
2473,0,1,261
2474,0,1,261
2475,0,1,118
2476,0,3,372
2477,0,1,21
2478,0,0,144
2479,4,4,8
2480,0,0,1
2481,0,0,152
2482,0,0,322
2483,0,0,38
2484,0,1,1117
2485,0,0,2
2486,0,1,54
2487,0,0,384
2488,0,0,205
2489,0,0,264
2490,0,0,1
2491,0,17,129
2492,0,0,7
2493,0,0,0
2494,0,0,264
2495,2,0,3
2496,0,3,119
2497,0,1,133
2498,0,0,0
2499,0,1,146
2500,0,0,3
2501,0,0,3
2502,0,0,1
2503,1,2,249
2504,2,0,48
2505,0,0,183
2506,2,0,1
2507,0,1,89
2508,0,0,0
2509,0,0,493
2510,0,0,134
2511,0,1,128
2512,0,1,394
2513,0,0,2
2514,0,0,132
2515,0,0,207
2516,0,0,97
2517,0,0,2
2518,0,1,75
2519,0,1,283
2520,0,1,205
2521,1,1,0
2522,0,0,24
2523,0,0,69
2524,0,0,80
2525,0,0,158
2526,1,1,64
2527,0,0,268
2528,1,0,3
2529,3,0,8
2530,0,0,275
2531,1,0,4
2532,0,0,44
2533,1,0,134
2534,0,0,1
2535,0,0,2
2536,1,0,342
2537,0,0,3
2538,2,0,39
2539,0,0,114
2540,1,2,467
2541,1,0,3
2542,5,0,4
2543,0,6,271
2544,0,0,323
2545,0,1,4
2546,0,1,532
2547,0,0,371
2548,1,0,450
2549,0,1,215
2550,0,0,0
2551,0,1,280
2552,0,0,9
2553,0,1,4
2554,0,0,0
2555,0,0,2
2556,0,0,281
2557,0,0,0
2558,0,0,58
2559,0,0,0
2560,0,0,2
2561,0,0,220
2562,0,1,76
2563,0,0,160
2564,1,1,5
2565,3,0,194
2566,3,0,11
2567,0,1,335
2568,0,0,254
2569,0,0,3
2570,0,0,74
2571,0,1,2
2572,0,0,2
2573,2,0,67
2574,0,0,1
2575,0,0,128
2576,0,0,10
2577,0,0,269
2578,0,0,195
2579,0,0,2
2580,0,0,1
2581,0,0,550
2582,0,0,5
2583,0,0,57
2584,0,1,77
2585,4,1,21
2586,16,1,445
2587,0,0,24
2588,0,0,197
2589,2,0,206
2590,0,0,372
2591,0,0,0
2592,0,0,70
2593,0,0,136
2594,0,1,473
2595,0,1,194
2596,0,1,36
2597,0,0,181
2598,0,0,3
2599,0,0,65
2600,0,3,86
2601,0,0,165
2602,1,0,6
2603,0,0,154
2604,0,1,1
2605,0,1,296
2606,0,1,2
2607,0,1,1
2608,0,0,68
2609,0,1,165
2610,0,2,5
2611,1,0,1
2612,0,0,256
2613,0,1,520
2614,1,0,3
2615,1,0,2
2616,0,0,0
2617,0,0,3
2618,1,0,1
2619,0,0,93
2620,0,0,67
2621,0,0,47
2622,0,0,308
2623,0,1,61
2624,0,0,125
2625,4,0,2
2626,1,0,3
2627,0,0,1
2628,0,0,1
2629,0,0,7
2630,0,0,0
2631,4,1,590
2632,0,1,174
2633,2,0,6
2634,1,1,8
2635,0,0,310
2636,0,0,488
2637,4,1,4
2638,0,0,3
2639,0,0,78
2640,0,3,7
2641,0,0,1
2642,0,0,481
2643,1,2,2
2644,0,0,3
2645,0,0,2
2646,0,0,1
2647,0,4,5
2648,0,0,3
2649,0,0,417
2650,0,2,521
2651,0,0,163
2652,0,0,0
2653,0,0,1
2654,0,0,43
2655,0,0,389
2656,0,1,4
2657,0,0,1
2658,2,0,1
2659,0,0,94
2660,0,0,167
2661,1,0,0
2662,0,0,2
2663,0,0,2
2664,0,0,1
2665,0,0,223
2666,0,1,23
2667,0,0,0
2668,2,0,251
2669,0,2,2
2670,0,0,190
2671,0,0,2
2672,0,1,158
2673,0,0,192
2674,0,1,7
2675,0,1,205
2676,4,1,2
2677,0,5,205
2678,0,0,1
2679,0,2,4
2680,2,0,1
2681,0,1,2
2682,0,0,117
2683,0,0,6
2684,0,0,176
2685,0,0,70
2686,0,0,379
2687,0,0,0
2688,0,4,3
2689,0,2,7
2690,0,1,326
2691,0,1,1
2692,0,0,0
2693,0,0,1
2694,0,0,4
2695,0,0,0
2696,1,0,4
2697,0,1,46
2698,0,0,8
2699,0,0,376
2700,0,0,151
2701,8,0,2
2702,0,3,402
2703,0,4,0
2704,0,0,289
2705,0,0,172
2706,2,0,133
2707,0,0,0
2708,0,1,4
2709,0,0,3
2710,1,0,0
2711,0,0,5
2712,0,0,323
2713,0,0,124
2714,1,0,7
2715,2,0,1
2716,1,4,111
2717,0,0,33
2718,0,1,2
2719,0,0,133
2720,0,0,13
2721,0,1,581
2722,0,0,428
2723,1,1,15
2724,0,0,2
2725,0,1,123
2726,0,0,141
2727,0,0,123
2728,0,0,68
2729,0,1,2
2730,0,0,0
2731,0,0,96
2732,1,0,297
2733,0,3,150
2734,0,1,203
2735,0,0,281
2736,0,0,3
2737,0,3,483
2738,1,2,8
2739,0,0,290
2740,0,1,3
2741,0,0,266
2742,2,0,2
2743,0,1,333
2744,0,0,71
2745,0,2,686
2746,0,1,270
2747,0,2,1
2748,0,0,442
2749,0,0,0
2750,1,1,3
2751,0,0,181
2752,4,1,3
2753,0,0,0
2754,0,0,5
2755,0,0,74
2756,0,0,3
2757,0,0,1
2758,2,0,3
2759,0,1,4
2760,0,0,69
2761,0,0,3
2762,0,0,489
2763,0,0,3
2764,0,0,369
2765,0,0,170
2766,0,0,3
2767,6,0,2
2768,2,1,363
2769,0,66,158
2770,0,2,2
2771,0,0,0
2772,718,1,574
2773,0,0,249
2774,0,0,1
2775,0,0,178
2776,0,1,96
2777,0,0,1
2778,0,2,2
2779,0,0,8
2780,0,0,0
2781,0,0,1
2782,0,1,201
2783,1,1,9
2784,0,0,44
2785,5,0,364
2786,0,0,2
2787,0,4,6
2788,4,1,3
2789,0,0,122
2790,0,0,73
2791,0,0,4
2792,1,1,24
2793,0,0,22
2794,0,3,2
2795,0,1,2
2796,0,2,288
2797,0,0,78
2798,10,2,12
2799,0,0,0
2800,0,0,101
2801,0,0,6
2802,0,0,161
2803,0,0,152
2804,0,0,25
2805,2,1,2
2806,0,1,219
2807,0,5,122
2808,0,1,709
2809,0,2,5
2810,0,1,243
2811,0,0,90
2812,0,0,152
2813,0,0,119
2814,0,0,1
2815,0,0,44
2816,0,0,429
2817,0,0,190
2818,1,0,166
2819,0,0,0
2820,0,0,26
2821,0,0,169
2822,1,1,98
2823,0,1,311
2824,0,0,257
2825,0,0,319
2826,0,0,98
2827,0,0,4
2828,0,7,487
2829,0,0,1
2830,0,0,46
2831,0,0,1
2832,0,0,190
2833,1,1,2
2834,0,0,170
2835,0,0,79
2836,0,0,112
2837,0,0,246
2838,0,0,251
2839,0,0,3
2840,0,0,0
2841,0,0,2
2842,0,0,107
2843,0,0,0
2844,0,0,9
2845,0,83,107
2846,0,1,2
2847,4,1,4
2848,0,0,1
2849,0,0,4
2850,0,0,239
2851,11,0,316
2852,1,0,150
2853,0,3,4
2854,0,0,12
2855,0,0,1
2856,0,2,353
2857,1,1,367
2858,0,0,5
2859,0,2,431
2860,4,2,1
2861,0,0,133
2862,4,0,369
2863,0,2,726
2864,0,0,189
2865,0,0,4
2866,0,0,91
2867,0,0,475
2868,0,1,0
2869,0,0,52
2870,0,0,0
2871,0,2,4
2872,0,1,6
2873,0,0,5
2874,0,1,258
2875,1,26,107
2876,0,0,1
2877,0,0,0
2878,0,0,198
2879,0,0,225
2880,1,0,3
2881,0,5,293
2882,0,1,3
2883,0,0,2
2884,0,3,106
2885,0,2,2
2886,0,0,289
2887,0,0,476
2888,0,0,3
2889,0,0,113
2890,0,1,219
2891,0,0,1
2892,0,1,314
2893,0,1,539
2894,6,0,1
2895,0,2,3
2896,0,0,237
2897,0,0,64
2898,0,18,166
2899,2,2,8
2900,0,1,368
2901,0,0,142
2902,0,102,577
2903,0,1,0
2904,0,0,5
2905,0,1,80
2906,0,1,181
2907,0,1,367
2908,0,0,167
2909,0,0,31
2910,0,1,298
2911,6,0,6
2912,0,2,483
2913,0,0,2
2914,0,0,0
2915,0,2,0
2916,0,1,8
2917,1,0,4
2918,0,0,8
2919,0,0,56
2920,1,1,13
2921,4,0,13
2922,0,0,1
2923,0,0,373
2924,3,1,5
2925,0,0,4
2926,1,0,283
2927,3,0,325
2928,0,0,2
2929,0,0,66
2930,2,0,19
2931,0,0,8
2932,6,0,1
2933,0,1,4
2934,0,1,5
2935,4,0,1
2936,0,0,0
2937,0,0,538
2938,0,0,439
2939,0,1,318
2940,0,0,8
2941,0,0,4
2942,0,0,2
2943,0,0,6
2944,0,3,238
2945,0,1,758
2946,0,1,2
2947,0,0,311
2948,0,1,9
2949,0,0,0
2950,0,1,226
2951,0,1,512
2952,0,0,284
2953,0,0,0
2954,0,1,378
2955,0,0,172
2956,0,0,6
2957,0,0,100
2958,1,0,117
2959,0,0,130
2960,0,3,691
2961,3,0,198
2962,0,0,179
2963,0,0,1
2964,0,0,0
2965,0,15,69
2966,3,0,0
2967,0,0,153
2968,0,0,239
2969,0,0,86
2970,2,0,4
2971,0,0,4
2972,0,0,5
2973,0,0,154
2974,0,0,1
2975,0,0,228
2976,0,0,224
2977,0,1,3
2978,0,1,5
2979,0,1,4
2980,0,0,126
2981,0,1,0
2982,0,0,40
2983,0,0,0
2984,0,1,46
2985,0,0,2
2986,0,0,0
2987,0,2,184
2988,0,1,154
2989,2,1,448
2990,0,0,6
2991,0,0,2
2992,1,1,63
2993,0,0,161
2994,0,0,0
2995,0,1,331
2996,0,0,4
2997,1,0,117
2998,0,0,652
2999,1,0,2
3000,0,0,286
3001,0,0,4
3002,0,0,271
3003,0,1,395
3004,0,1,0
3005,0,0,339
3006,0,0,355
3007,0,0,2
3008,0,0,380
3009,0,0,79
3010,0,0,1
3011,0,0,2
3012,0,299,679
3013,0,0,140
3014,1,0,7
3015,0,5,679
3016,0,0,560
3017,0,0,402
3018,0,0,107
3019,0,1,261
3020,0,0,2
3021,0,0,111
3022,0,0,64
3023,0,0,285
3024,0,0,6
3025,0,1,6
3026,0,0,264
3027,1,0,7
3028,0,0,317
3029,0,1,67
3030,0,0,1
3031,2,0,2
3032,1,1,715
3033,1,1,4
3034,0,1,42
3035,2,0,3
3036,0,1,301
3037,0,1,3
3038,0,0,142
3039,1,0,679
3040,0,1,451
3041,0,0,144
3042,0,0,455
3043,2,12,3
3044,0,0,104
3045,0,1,0
3046,1,1,228
3047,0,0,4
3048,0,0,69
3049,0,0,28
3050,0,0,86
3051,0,0,458
3052,0,0,0
3053,1,1,5
3054,0,2,2
3055,0,0,3
3056,0,0,4
3057,1,2,6
3058,4,0,207
3059,0,0,0
3060,0,0,259
3061,2,0,155
3062,2,3,642
3063,0,0,0
3064,2,2,7
3065,0,0,2
3066,0,0,0
3067,0,1,214
3068,0,1,0
3069,0,0,121
3070,0,0,3
3071,6,0,215
3072,0,2,296
3073,0,0,111
3074,0,2,4
3075,0,0,132
3076,0,214,592
3077,0,1,0
3078,0,44,134
3079,2,5,244
3080,1,0,138
3081,1,0,63
3082,0,0,0
3083,0,1,0
3084,3,1,323
3085,0,0,1
3086,0,2,468
3087,0,1,332
3088,1,1,4
3089,1,0,4
3090,1,0,25
3091,0,0,119
3092,0,0,114
3093,0,0,120
3094,0,0,65
3095,0,0,388
3096,0,0,166
3097,2,0,192
3098,0,0,222
3099,0,2,0
3100,0,0,145
3101,4,57,74
3102,1,1,491
3103,0,0,40
3104,1,1,199
3105,0,0,170
3106,0,0,245
3107,0,2,434
3108,0,0,86
3109,0,0,49
3110,0,0,303
3111,0,0,4
3112,0,1,3
3113,0,2,890
3114,0,0,2
3115,0,0,423
3116,0,1,12
3117,9,0,2
3118,0,1,291
3119,0,0,245
3120,0,0,0
3121,0,0,0
3122,0,0,28
3123,0,0,278
3124,3,0,4
3125,1,0,3
3126,0,0,1
3127,0,0,566
3128,0,1,367
3129,0,0,0
3130,0,0,1
3131,0,0,60
3132,0,1,17
3133,0,1,147
3134,0,0,3
3135,2,0,939
3136,1,2,175
3137,0,0,52
3138,3,0,2
3139,0,1,124
3140,1,0,3
3141,0,1,15
3142,0,0,67
3143,0,0,397
3144,0,0,95
3145,0,1,378
3146,0,1,159
3147,0,2,474
3148,0,0,53
3149,0,0,2
3150,0,0,8
3151,0,3,177
3152,1,0,7
3153,0,0,39
3154,2,0,10
3155,0,0,3
3156,0,0,4
3157,0,0,512
3158,0,0,1
3159,3,0,5
3160,0,1,251
3161,0,0,2
3162,1,0,167
3163,0,2,0
3164,0,0,0
3165,0,2,21
3166,0,1,267
3167,0,1,127
3168,0,0,486
3169,0,0,279
3170,0,0,355
3171,0,1,0
3172,0,2,6
3173,0,0,4
3174,0,0,52
3175,1,0,425
3176,0,0,0
3177,1,0,169
3178,0,0,5
3179,0,0,0
3180,10,1,0
3181,0,0,23
3182,0,0,0
3183,0,0,305
3184,0,1,14
3185,2,0,459
3186,0,0,210
3187,0,0,95
3188,0,0,377
3189,2,0,7
3190,2,2,516
3191,0,0,252
3192,0,0,82
3193,0,0,1
3194,0,0,172
3195,0,0,1
3196,0,0,346
3197,0,0,30
3198,1,0,470
3199,0,0,384
3200,1,1,3
3201,1,1,427
3202,0,0,4
3203,0,4,367
3204,0,2,1
3205,0,2,4
3206,0,4,602
3207,0,0,3
3208,0,3,2
3209,0,0,0
3210,0,0,289
3211,1,0,4
3212,0,0,216
3213,0,3,2
3214,0,0,244
3215,0,5,385
3216,2,4,2
3217,0,2,538
3218,0,0,2
3219,0,1,463
3220,0,0,4
3221,0,0,3
3222,0,0,0
3223,0,1,51
3224,0,2,8
3225,0,0,251
3226,0,0,1
3227,0,1,242
3228,1,1,241
3229,0,0,1
3230,0,0,202
3231,5,1,4
3232,0,0,175
3233,0,0,242
3234,0,0,3
3235,2,341,538
3236,1,4,215
3237,1,0,6
3238,0,0,125
3239,0,0,18
3240,0,1,1
3241,0,0,779
3242,0,0,81
3243,0,0,153
3244,0,0,520
3245,0,1,2
3246,1,3,498
3247,0,0,1
3248,0,0,5
3249,0,0,35
3250,0,1,2
3251,2,0,180
3252,2,0,187
3253,0,0,213
3254,2,0,4
3255,0,1,231
3256,0,0,19
3257,4,1,104
3258,0,0,1
3259,0,0,0
3260,0,0,210
3261,0,1,277
3262,1,1,549
3263,4,1,438
3264,0,0,1
3265,0,0,174
3266,1,1,180
3267,0,0,0
3268,0,0,145
3269,0,0,6
3270,0,0,184
3271,2,0,56
3272,0,0,3
3273,0,0,96
3274,0,0,4
3275,0,0,93
3276,2,0,0
3277,0,3,1
3278,1,0,2
3279,2,1,410
3280,0,1,2
3281,0,0,0
3282,0,2,3
3283,0,0,1
3284,0,2,266
3285,0,1,166
3286,0,0,80
3287,0,0,1
3288,0,0,255
3289,0,0,355
3290,0,0,334
3291,1,3,3
3292,1,1,675
3293,0,0,456
3294,0,0,249
3295,0,0,1
3296,0,0,4
3297,0,0,92
3298,0,0,2
3299,2,2,875
3300,0,12,46
3301,0,0,0
3302,0,0,1
3303,0,0,10
3304,0,1,313
3305,0,0,86
3306,2,0,3
3307,0,2,381
3308,0,0,65
3309,1,0,155
3310,0,1,2
3311,0,0,3
3312,0,0,1
3313,0,1,287
3314,0,2,8
3315,0,1,2
3316,0,0,2
3317,0,0,223
3318,0,1,2
3319,0,1,278
3320,0,0,67
3321,0,2,2
3322,0,0,1
3323,1,2,204
3324,0,0,1
3325,0,1,2
3326,0,0,140
3327,0,0,3
3328,0,0,0
3329,0,2,0
3330,0,1,140
3331,0,0,115
3332,0,0,266
3333,0,1,1
3334,0,1,352
3335,0,1,437
3336,0,0,490
3337,2,2,3
3338,1,2,1
3339,0,0,377
3340,0,0,1
3341,0,0,416
3342,0,1,251
3343,0,0,2
3344,0,0,125
3345,0,0,161
3346,0,6,368
3347,0,2,0
3348,0,0,89
3349,0,1,1
3350,1,0,3
3351,0,0,570
3352,0,0,363
3353,0,0,18
3354,0,0,1
3355,0,1,225
3356,0,0,0
3357,0,1,482
3358,0,4,415
3359,0,0,7
3360,0,50,59
3361,0,0,1
3362,0,1,99
3363,0,1,2
3364,0,1,145
3365,0,2,2
3366,0,0,0
3367,0,0,317
3368,0,0,6
3369,0,0,1
3370,2,2,5
3371,0,0,468
3372,0,0,87
3373,0,0,326
3374,0,0,44
3375,1,0,6
3376,0,1,5
3377,0,0,5
3378,1,1,8
3379,0,0,5
3380,0,0,44
3381,3,1,4
3382,0,2,38
3383,0,0,287
3384,0,2,525
3385,0,0,412
3386,0,1,345
3387,2,0,1
3388,0,0,233
3389,0,0,0
3390,1,1,587
3391,14,3,532
3392,0,0,59
3393,0,0,268
3394,1,1,770
3395,0,0,9
3396,0,0,170
3397,0,0,147
3398,0,0,4
3399,0,0,0
3400,2,0,3
3401,0,0,1
3402,0,0,4
3403,0,0,70
3404,0,0,0
3405,0,0,4
3406,0,0,1
3407,0,1,68
3408,0,0,0
3409,0,1,23
3410,0,0,197
3411,0,1,364
3412,0,0,272
3413,2,1,3
3414,0,0,30
3415,0,0,118
3416,0,0,26
3417,0,0,1
3418,0,0,1
3419,1,2,1
3420,0,0,0
3421,0,0,0
3422,0,0,2
3423,0,0,151
3424,0,1,350
3425,0,0,251
3426,0,0,242
3427,0,0,22
3428,0,0,94
3429,0,1,135
3430,2,0,2
3431,0,0,3
3432,0,1,8
3433,0,0,171
3434,0,1,367
3435,1,0,155
3436,0,0,1
3437,2,0,471
3438,0,0,53
3439,0,0,440
3440,0,0,66
3441,138,1,150
3442,0,0,1
3443,2,1,25
3444,0,0,90
3445,0,0,1
3446,0,0,17
3447,1,3,5
3448,0,0,1
3449,0,0,301
3450,0,2,212
3451,0,0,2
3452,0,1,6
3453,1,0,0
3454,0,0,1
3455,0,0,1
3456,0,0,173
3457,0,0,7
3458,0,0,3
3459,8,0,454
3460,0,0,1
3461,0,0,2
3462,0,0,359
3463,0,0,216
3464,0,0,4
3465,0,1,2
3466,2,0,3
3467,0,1,152
3468,0,1,73
3469,2,2,488
3470,2,0,1
3471,2,0,307
3472,2,0,388
3473,0,0,1
3474,0,0,180
3475,2,1,346
3476,0,0,79
3477,0,0,2
3478,0,1,295
3479,0,0,2
3480,0,1,2
3481,0,1,0
3482,0,1,4
3483,0,0,396
3484,0,0,88
3485,0,0,0
3486,0,1,90
3487,0,48,107
3488,0,0,337
3489,0,1,158
3490,0,0,28
3491,217,2,294
3492,0,1,247
3493,2,0,84
3494,0,0,3
3495,0,0,57
3496,0,1,249
3497,1,0,4
3498,0,3,1
3499,0,0,1
3500,0,0,3
3501,0,1,0
3502,6,1,5
3503,0,0,86
3504,2,0,2
3505,0,0,0
3506,0,0,274
3507,0,0,179
3508,0,0,0
3509,0,0,90
3510,0,0,94
3511,0,0,106
3512,0,1,2
3513,0,1,2
3514,0,0,3
3515,0,0,1
3516,1,201,481
3517,0,0,34
3518,0,1,3
3519,0,0,231
3520,0,0,13
3521,0,0,0
3522,0,0,626
3523,6,0,0
3524,0,0,205
3525,0,0,117
3526,0,0,4
3527,5,0,311
3528,0,0,0
3529,4,2,318
3530,0,0,2
3531,0,0,1
3532,0,1,3
3533,0,1,95
3534,7,1,0
3535,0,1,3
3536,28,0,5
3537,0,0,0
3538,0,0,75
3539,0,1,1
3540,0,1,0
3541,0,0,2
3542,4,4,0
3543,2,1,41
3544,0,1,1
3545,0,0,17
3546,6,1,481
3547,0,1,1
3548,1,1,465
3549,0,0,88
3550,0,0,396
3551,0,0,4
3552,0,0,431
3553,0,0,238
3554,0,0,2
3555,0,1,9
3556,0,0,126
3557,0,0,1
3558,0,0,96
3559,0,0,5
3560,2,1,2
3561,0,0,0
3562,0,0,263
3563,0,0,410
3564,0,1,0
3565,4,0,2
3566,0,1,155
3567,0,0,257
3568,0,0,2
3569,0,0,7
3570,0,4,4
3571,0,2,3
3572,0,0,0
3573,0,2,363
3574,1,0,1
3575,0,1,15
3576,0,0,0
3577,0,0,136
3578,1,0,4
3579,0,1,474
3580,0,0,669
3581,0,0,2
3582,0,0,317
3583,0,0,162
3584,0,0,3
3585,0,0,68
3586,0,0,197
3587,0,1,187
3588,0,0,146
3589,263,0,429
3590,0,0,2
3591,1,0,6
3592,1,1,3
3593,0,0,0
3594,0,0,410
3595,10,0,150
3596,2,4,639
3597,0,0,130
3598,0,1,5
3599,0,1,3
3600,0,0,392
3601,0,0,3
3602,0,0,599
3603,1,1,161
3604,1,1,201
3605,3,2,144
3606,0,1,2
3607,0,3,289
3608,0,0,2
3609,0,0,104
3610,0,0,123
3611,0,0,265
3612,0,0,173
3613,0,0,2
3614,0,0,62
3615,3,1,1
3616,0,0,292
3617,0,0,71
3618,0,0,320
3619,0,0,207
3620,0,0,3
3621,0,0,279
3622,0,0,107
3623,0,0,4
3624,0,0,297
3625,0,2,242
3626,0,0,4
3627,0,138,224
3628,0,0,240
3629,2,1,30
3630,0,0,90
3631,0,0,242
3632,0,1,2
3633,1,2,1
3634,0,0,131
3635,0,0,249
3636,4,0,2
3637,0,0,0
3638,1,1,0
3639,0,0,6
3640,1,0,21
3641,0,0,1
3642,0,0,324
3643,0,1,2
3644,0,0,525
3645,2,0,212
3646,0,0,173
3647,1,0,0
3648,0,0,30
3649,0,0,1
3650,0,0,3
3651,1,0,3
3652,0,0,1
3653,2,4,34
3654,1,2,277
3655,0,2,856
3656,5,2,1
3657,0,1,283
3658,1,0,333
3659,0,0,138
3660,0,0,8
3661,0,0,371
3662,0,1,3
3663,0,0,4
3664,0,0,79
3665,0,1,4
3666,0,0,1
3667,0,7,456
3668,0,0,160
3669,0,1,571
3670,0,1,888
3671,0,0,109
3672,0,0,4
3673,0,0,4
3674,0,1,2
3675,0,0,352
3676,0,0,0
3677,2,1,25
3678,0,1,372
3679,0,0,1
3680,0,3,291
3681,0,1,3
3682,1,1,90
3683,0,0,3
3684,0,1,508
3685,0,0,45
3686,0,0,123
3687,0,1,1
3688,2,1,0
3689,0,1,9
3690,0,0,76
3691,0,0,92
3692,0,0,246
3693,0,2,394
3694,0,0,161
3695,0,1,33
3696,0,0,3
3697,682,0,499
3698,0,1,56
3699,0,0,43
3700,0,0,318
3701,1,2,4
3702,0,1,277
3703,3,1,5
3704,5,0,2
3705,1,0,158
3706,4,1,1
3707,0,0,660
3708,0,1,247
3709,0,0,400
3710,0,1,153
3711,0,0,708
3712,0,0,85
3713,0,0,32
3714,0,0,0
3715,0,1,64
3716,0,0,4
3717,0,0,2
3718,0,2,4
3719,1,0,0
3720,0,1,333
3721,0,0,223
3722,3,0,2
3723,0,1,5
3724,0,0,91
3725,0,0,251
3726,0,0,3
3727,0,0,368
3728,0,0,3
3729,0,1,330
3730,0,1,1
3731,1,0,357
3732,2,0,213
3733,0,0,376
3734,5,0,2
3735,0,0,472
3736,0,1,2
3737,13,1,7
3738,0,0,2
3739,0,0,3
3740,0,0,342
3741,2,1,4
3742,2,1,32
3743,0,0,9
3744,0,0,305
3745,0,0,108
3746,0,0,186
3747,0,0,0
3748,0,0,9
3749,0,0,1
3750,0,0,1
3751,1,0,229
3752,0,1,241
3753,0,0,1
3754,0,0,88
3755,0,0,164
3756,0,1,172
3757,0,1,250
3758,2,2,330
3759,0,1,87
3760,1,1,391
3761,0,0,5
3762,0,0,106
3763,0,0,1
3764,0,1,127
3765,0,1,118
3766,2,2,7
3767,0,2,481
3768,5,1,2
3769,0,1,236
3770,0,0,118
3771,0,0,259
3772,0,0,447
3773,0,0,277
3774,0,0,1
3775,1,0,33
3776,0,2,188
3777,0,1,128
3778,1,2,306
3779,0,2,2
3780,0,0,28
3781,2,0,1
3782,0,0,4
3783,0,0,562
3784,0,1,54
3785,0,0,3
3786,0,0,94
3787,0,0,33
3788,0,0,131
3789,0,0,2
3790,0,0,160
3791,0,0,126
3792,0,0,4
3793,0,0,14
3794,0,4,598
3795,0,0,323
3796,0,0,15
3797,0,0,6
3798,0,0,3
3799,1,0,0
3800,0,0,1
3801,0,0,0
3802,0,0,192
3803,5,0,5
3804,0,1,1
3805,0,2,467
3806,0,0,294
3807,0,0,3
3808,0,2,431
3809,0,0,1
3810,0,1,778
3811,0,0,152
3812,0,0,5
3813,1,1,5
3814,1,1,1
3815,0,1,202
3816,0,0,343
3817,1,2,435
3818,0,0,268
3819,0,0,168
3820,0,0,823
3821,0,0,134
3822,1,0,2
3823,0,0,234
3824,0,2,1
3825,0,0,9
3826,0,2,4
3827,0,2,227
3828,0,0,9
3829,4,1,492
3830,0,0,256
3831,0,1,2
3832,0,0,279
3833,0,45,369
3834,0,0,128
3835,0,2,643
3836,4,0,4
3837,0,0,0
3838,0,1,391
3839,1,0,346
3840,2,0,0
3841,0,0,412
3842,0,0,295
3843,0,0,658
3844,0,1,0
3845,1,1,208
3846,0,0,0
3847,1,1,28
3848,1,2,148
3849,0,2,86
3850,0,0,280
3851,2,0,0
3852,1,0,243
3853,0,1,90
3854,0,0,79
3855,0,0,244
3856,0,1,415
3857,8,4,392
3858,0,0,132
3859,0,2,292
3860,0,0,236
3861,0,1,1
3862,0,0,1
3863,0,0,134
3864,0,0,0
3865,0,0,387
3866,0,0,4
3867,0,1,522
3868,0,0,2
3869,0,0,6
3870,0,0,212
3871,0,0,390
3872,0,0,239
3873,0,0,0
3874,0,0,102
3875,0,1,144
3876,0,0,410
3877,0,1,0
3878,0,0,5
3879,0,1,1
3880,0,0,89
3881,0,0,1
3882,2,0,2
3883,0,3,151
3884,0,0,18
3885,0,0,3
3886,0,1,1
3887,0,1,2
3888,0,0,54
3889,0,0,2
3890,0,0,89
3891,1,0,1
3892,0,1,1
3893,0,0,1
3894,0,0,0
3895,0,0,71
3896,0,1,0
3897,0,0,0
3898,2,1,482
3899,0,0,0
3900,0,0,104
3901,0,1,0
3902,0,0,4
3903,0,0,2
3904,0,0,2
3905,0,2,186
3906,4,2,4
3907,0,0,3
3908,0,0,355
3909,0,0,2
3910,2,0,6
3911,207,0,87
3912,0,0,230
3913,2,0,203
3914,2,1,1
3915,2,2,145
3916,1,0,1
3917,0,0,3
3918,0,0,2
3919,0,1,9
3920,2,1,3
3921,0,1,52
3922,0,0,1
3923,0,0,60
3924,0,0,683
3925,0,0,249
3926,0,0,4
3927,0,0,2
3928,0,0,0
3929,0,0,0
3930,0,0,3
3931,0,0,128
3932,0,0,0
3933,0,0,0
3934,0,2,4
3935,0,0,0
3936,0,0,0
3937,0,0,0
3938,0,0,3
3939,0,0,1
3940,0,0,342
3941,4,0,2
3942,0,1,347
3943,0,0,149
3944,1,0,4
3945,0,0,596
3946,4,0,8
3947,0,1,1
3948,0,3,203
3949,0,0,3
3950,0,0,2
3951,0,0,154
3952,0,0,288
3953,0,1,676
3954,0,1,333
3955,0,0,304
3956,1,0,697
3957,0,0,210
3958,0,0,3
3959,0,0,119
3960,0,0,77
3961,0,0,4
3962,0,0,379
3963,0,0,217
3964,0,0,2
3965,8,1,3
3966,0,0,223
3967,0,0,145
3968,0,0,0
3969,1,1,104
3970,0,0,4
3971,0,3,5
3972,0,0,193
3973,0,0,264
3974,0,0,2
3975,6,0,311
3976,0,1,0
3977,0,0,3
3978,3,0,9
3979,0,0,3
3980,0,0,334
3981,0,0,105
3982,0,0,4
3983,0,0,24
3984,1,2,131
3985,0,1,344
3986,0,0,82
3987,0,0,159
3988,0,0,117
3989,0,1,1
3990,0,1,455
3991,0,0,267
3992,4,0,1
3993,0,1,368
3994,0,0,6
3995,2,0,1
3996,0,0,2
3997,0,0,34
3998,0,0,324
3999,0,0,270
4000,4,1,5
4001,1,0,2
4002,0,1,2
4003,0,0,424
4004,0,0,0
4005,0,0,0
4006,0,0,0
4007,0,0,100
4008,0,0,1
4009,0,2,624
4010,0,0,257
4011,0,0,219
4012,0,0,1
4013,0,0,705
4014,0,2,330
4015,0,2,171
4016,0,0,73
4017,0,1,1
4018,0,0,36
4019,0,0,0
4020,0,0,17
4021,0,0,2
4022,0,0,404
4023,0,0,248
4024,0,0,3
4025,0,0,70
4026,0,0,129
4027,0,0,1
4028,0,0,508
4029,0,1,1
4030,1,0,6
4031,0,1,12
4032,0,0,386
4033,0,0,565
4034,0,1,3
4035,0,0,219
4036,0,0,2
4037,0,4,3
4038,0,0,56
4039,1,0,1
4040,2,7,30
4041,0,1,345
4042,0,0,2
4043,0,0,2
4044,0,2,2
4045,0,0,93
4046,0,0,3
4047,0,0,134
4048,0,0,3
4049,1,0,305
4050,0,0,3
4051,2,1,2
4052,0,0,3
4053,0,0,23
4054,0,1,269
4055,0,0,120
4056,0,0,62
4057,1,0,1
4058,1,0,225
4059,0,1,221
4060,0,0,2
4061,0,0,5
4062,1,0,340
4063,0,0,3
4064,0,0,84
4065,0,1,504
4066,0,0,1
4067,0,0,268
4068,0,0,404
4069,0,1,361
4070,0,0,114
4071,0,0,30
4072,0,0,1
4073,0,1,129
4074,0,0,201
4075,0,1,5
4076,0,0,349
4077,0,0,12
4078,0,0,0
4079,0,0,3
4080,0,0,0
4081,0,0,549
4082,0,0,88
4083,0,1,0
4084,1,0,0
4085,0,0,2
4086,0,0,148
4087,1,0,225
4088,2,0,8
4089,0,0,5
4090,2,135,567
4091,0,0,178
4092,0,0,2
4093,0,0,2
4094,2,0,0
4095,0,0,213
4096,0,0,13
4097,0,0,5
4098,0,1,3
4099,1,0,1
4100,0,0,72
4101,0,1,2
4102,0,0,109
4103,0,0,185
4104,0,1,1
4105,0,0,611
4106,0,0,495
4107,0,1,576
4108,0,0,1
4109,0,0,2
4110,0,0,121
4111,0,0,300
4112,0,0,66
4113,0,1,333
4114,0,1,343
4115,0,0,68
4116,0,0,2
4117,0,0,3
4118,0,1,1
4119,0,0,5
4120,0,1,7
4121,0,0,1
4122,0,0,2
4123,0,0,2
4124,0,0,7
4125,1,0,237
4126,1,0,3
4127,0,0,39
4128,0,0,0
4129,0,0,5
4130,0,0,431
4131,0,2,0
4132,0,0,54
4133,0,0,333
4134,0,0,366
4135,0,0,318
4136,0,0,317
4137,0,0,1
4138,4,0,7
4139,0,0,15
4140,0,0,2
4141,1,0,291
4142,0,0,1
4143,0,0,301
4144,0,0,1
4145,0,0,5
4146,0,0,1
4147,0,0,1
4148,0,0,0
4149,1,1,153
4150,0,1,4
4151,0,0,1
4152,0,0,192
4153,0,0,3
4154,0,2,739
4155,0,0,0
4156,0,2,370
4157,0,0,155
4158,0,0,4
4159,0,0,448
4160,0,1,232
4161,0,0,6
4162,0,0,69
4163,0,0,246
4164,0,2,2
4165,0,1,3
4166,0,0,442
4167,0,0,171
4168,0,0,54
4169,0,0,0
4170,0,0,240
4171,0,0,143
4172,0,0,223
4173,2,1,15
4174,0,1,7
4175,0,1,712
4176,3,0,3
4177,0,0,1
4178,2,0,6
4179,0,3,572
4180,0,0,3
4181,2,2,304
4182,0,1,9
4183,0,0,4
4184,0,0,1
4185,0,1,182
4186,0,0,111
4187,0,5,423
4188,0,1,267
4189,0,0,3
4190,0,0,2
4191,2,0,0
4192,1,0,6
4193,0,0,1
4194,0,0,36
4195,0,1,5
4196,0,0,36
4197,0,0,279
4198,0,0,74
4199,0,0,0
4200,0,0,80
4201,0,1,22
4202,0,13,94
4203,0,0,3
4204,0,0,9
4205,0,4,302
4206,0,0,372
4207,0,0,199
4208,0,3,10
4209,0,0,195
4210,2,0,14
4211,0,0,112
4212,0,0,2
4213,0,0,505
4214,3,0,0
4215,0,0,158
4216,0,0,523
4217,0,0,3
4218,0,0,339
4219,1,0,1
4220,0,0,174
4221,0,0,168
4222,0,0,417
4223,0,2,518
4224,0,0,0
4225,0,0,148
4226,0,0,60
4227,0,0,3
4228,1,0,73
4229,0,2,12
4230,44,0,181
4231,1,0,258
4232,0,0,134
4233,0,1,342
4234,3,0,3
4235,0,1,1
4236,0,0,183
4237,0,0,52
4238,0,0,1
4239,0,59,324
4240,6,0,5
4241,0,0,47
4242,0,0,105
4243,0,0,198
4244,0,0,205
4245,0,1,258
4246,0,11,244
4247,0,0,124
4248,0,0,2
4249,0,0,1
4250,0,0,190
4251,0,0,227
4252,0,0,5
4253,0,1,5
4254,0,0,131
4255,0,0,0
4256,0,2,313
4257,0,0,175
4258,0,0,234
4259,0,2,4
4260,0,1,253
4261,0,0,554
4262,0,0,105
4263,0,0,351
4264,0,1,343
4265,0,1,456
4266,0,0,2
4267,2,0,2
4268,0,0,2
4269,0,1,220
4270,0,0,1
4271,1,3,102
4272,2,48,643
4273,2,0,4
4274,0,1,565
4275,0,0,2
4276,2,0,2
4277,0,1,421
4278,0,0,0
4279,0,0,92
4280,0,0,7
4281,0,0,29
4282,0,0,1
4283,0,0,43
4284,0,1,2
4285,0,1,1
4286,0,4,512
4287,0,0,61
4288,0,0,3
4289,0,0,3
4290,0,0,120
4291,0,0,3
4292,0,0,4
4293,1,0,3
4294,0,0,5
4295,0,1,176
4296,0,1,6
4297,0,0,459
4298,0,0,187
4299,0,35,109
4300,6,1,4
4301,0,0,1
4302,0,1,7
4303,0,0,56
4304,0,0,0
4305,0,1,397
4306,3,0,6
4307,0,0,0
4308,0,1,113
4309,0,3,3
4310,0,0,1
4311,0,0,2
4312,0,0,41
4313,0,0,2
4314,0,0,192
4315,0,0,94
4316,0,0,89
4317,0,0,123
4318,0,0,10
4319,0,0,241
4320,0,0,0
4321,0,0,132
4322,0,0,6
4323,0,0,2
4324,0,1,7
4325,0,1,107
4326,0,0,3
4327,0,1,197
4328,0,3,3
4329,0,27,65
4330,2,0,37
4331,0,0,124
4332,0,0,0
4333,0,2,126
4334,0,53,273
4335,0,0,0
4336,0,0,57
4337,4,0,1
4338,0,0,169
4339,0,0,7
4340,1,0,35
4341,0,1,1
4342,0,0,0
4343,0,0,1
4344,0,0,228
4345,0,1,70
4346,1,0,4
4347,0,0,0
4348,0,0,3
4349,1,0,170
4350,0,0,126
4351,0,1,270
4352,0,2,675
4353,1,0,21
4354,0,0,0
4355,0,0,40
4356,2,0,5
4357,0,0,168
4358,0,2,4
4359,1,1,10
4360,0,0,354
4361,0,54,125
4362,0,0,236
4363,0,0,0
4364,0,0,40
4365,0,3,9
4366,1,0,14
4367,0,1,3
4368,3,0,348
4369,0,0,105
4370,0,0,7
4371,0,0,0
4372,0,2,438
4373,1,19,1
4374,0,1,385
4375,0,0,3
4376,0,0,4
4377,0,0,391
4378,0,0,0
4379,0,1,1
4380,0,0,3
4381,0,0,3
4382,2,1,0
4383,0,0,2
4384,0,0,0
4385,0,0,2
4386,0,2,7
4387,0,0,8
4388,1,1,2
4389,0,1,2
4390,0,0,150
4391,1,1,233
4392,0,1,224
4393,0,0,144
4394,0,0,104
4395,0,0,1
4396,0,0,45
4397,0,1,80
4398,0,1,363
4399,0,0,364
4400,0,0,134
4401,0,1,0
4402,0,0,1
4403,0,0,491
4404,0,0,0
4405,0,1,142
4406,4,1,77
4407,0,0,2
4408,0,1,5
4409,2,1,218
4410,0,0,1
4411,0,1,103
4412,1,0,2
4413,0,0,2
4414,0,0,164
4415,0,1,516
4416,0,0,1
4417,0,0,461
4418,0,0,203
4419,1,0,2
4420,1,0,295
4421,0,0,1
4422,0,0,0
4423,0,1,263
4424,0,0,14
4425,0,0,2
4426,0,1,2
4427,0,0,67
4428,1,1,0
4429,0,0,194
4430,3,0,3
4431,0,0,293
4432,8,0,0
4433,0,0,208
4434,0,0,674
4435,0,0,100
4436,0,0,0
4437,0,1,734
4438,0,0,1
4439,0,1,0
4440,0,1,4
4441,0,0,281
4442,0,0,173
4443,6,1,1
4444,0,3,168
4445,0,1,3
4446,0,1,9
4447,0,0,65
4448,2,0,1
4449,0,1,2
4450,0,0,4
4451,0,0,3
4452,1,0,0
4453,0,0,0
4454,0,0,2
4455,0,0,1
4456,0,0,115
4457,0,0,182
4458,0,0,1
4459,0,0,0
4460,1,0,184
4461,0,0,2
4462,0,0,194
4463,0,0,2
4464,0,0,233
4465,0,0,223
4466,1,0,196
4467,0,0,1
4468,0,0,81
4469,0,0,200
4470,0,0,2
4471,0,0,77
4472,0,0,9
4473,0,1,146
4474,0,0,5
4475,0,2,509
4476,0,1,443
4477,0,0,1
4478,0,4,328
4479,0,0,9
4480,0,0,177
4481,0,1,243
4482,4,0,234
4483,0,1,123
4484,0,1,360
4485,2,3,137
4486,0,0,283
4487,0,2,3
4488,0,0,0
4489,0,0,554
4490,0,1,427
4491,0,0,64
4492,0,0,300
4493,0,0,187
4494,0,0,541
4495,0,2,198
4496,0,0,149
4497,0,0,1
4498,0,0,2
4499,0,0,0
4500,0,0,164
4501,0,1,1
4502,0,0,15
4503,1,1,6
4504,0,0,2
4505,0,1,258
4506,0,0,231
4507,0,126,257
4508,1,0,5
4509,0,2,4
4510,0,0,167
4511,0,0,0
4512,2,2,2
4513,0,0,262
4514,0,1,286
4515,0,0,279
4516,0,3,244
4517,0,0,1
4518,0,0,0
4519,0,0,0
4520,0,0,1
4521,0,0,98
4522,0,0,613
4523,0,0,0
4524,1,0,44
4525,5,0,2
4526,0,0,4
4527,0,1,206
4528,0,0,197
4529,0,0,6
4530,0,1,393
4531,2,1,248
4532,0,0,0
4533,0,0,2
4534,0,1,2
4535,0,0,395
4536,0,2,169
4537,0,0,87
4538,0,0,185
4539,0,0,196
4540,1,1,569
4541,0,0,7
4542,2,4,714
4543,0,0,245
4544,0,0,2
4545,0,0,1
4546,0,0,187
4547,0,0,0
4548,0,0,0
4549,1,2,2
4550,0,0,156
4551,0,0,0
4552,0,0,218
4553,0,0,5
4554,0,0,117
4555,0,1,7
4556,2,0,20
4557,0,0,111
4558,0,0,268
4559,0,0,172
4560,0,1,4
4561,0,1,384
4562,0,0,0
4563,1,0,46
4564,0,0,0
4565,0,0,16
4566,0,0,0
4567,0,0,329
4568,2,0,2
4569,0,0,310
4570,0,1,337
4571,2,0,95
4572,0,2,557
4573,0,0,168
4574,0,1,103
4575,0,0,1
4576,1,2,513
4577,0,1,4
4578,0,1,3
4579,0,0,1
4580,1,0,254
4581,0,1,2
4582,2,0,6
4583,0,0,1
4584,0,0,3
4585,0,0,1
4586,0,0,54
4587,0,0,2
4588,97,1,411
4589,0,0,2
4590,0,1,133
4591,0,0,7
4592,0,0,133
4593,0,1,9
4594,0,0,2
4595,0,0,39
4596,2,2,3
4597,0,0,6
4598,0,1,26
4599,0,1,7
4600,2,1,21
4601,0,0,285
4602,0,0,182
4603,0,0,34
4604,0,1,383
4605,0,0,280
4606,0,0,24
4607,0,0,341
4608,0,1,111
4609,0,0,135
4610,0,0,238
4611,0,1,427
4612,0,2,428
4613,0,2,317
4614,0,0,131
4615,0,0,49
4616,0,0,286
4617,2,1,247
4618,0,1,0
4619,0,2,3
4620,0,0,263
4621,0,0,84
4622,1,0,286
4623,1,0,8
4624,0,2,607
4625,0,0,75
4626,0,0,365
4627,0,1,277
4628,0,0,41
4629,0,0,1
4630,0,0,4
4631,0,0,249
4632,2,0,19
4633,0,3,347
4634,0,0,6
4635,0,4,497
4636,0,0,140
4637,0,0,1
4638,1,0,450
4639,14,1,378
4640,0,1,646
4641,0,1,1
4642,0,1,147
4643,0,1,624
4644,0,0,5
4645,1,1,262
4646,0,2,353
4647,2,2,433
4648,0,0,250
4649,0,0,325
4650,1,1,2
4651,0,0,0
4652,0,0,58
4653,1,1,2
4654,0,0,0
4655,0,0,0
4656,0,0,1
4657,0,0,140
4658,0,0,79
4659,0,0,295
4660,0,0,426
4661,0,0,0
4662,0,3,377
4663,0,1,65
4664,0,0,1
4665,0,0,15
4666,0,0,89
4667,0,1,224
4668,0,0,248
4669,0,0,20
4670,0,1,454
4671,0,0,1
4672,0,0,98
4673,1,0,4
4674,0,0,5
4675,0,0,233
4676,0,1,312
4677,0,2,6
4678,0,0,24
4679,0,0,3
4680,1,0,3
4681,0,0,58
4682,0,1,0
4683,2,0,3
4684,0,2,379
4685,0,0,131
4686,0,1,450
4687,4,0,0
4688,0,0,1
4689,0,1,3
4690,0,0,440
4691,1,2,5
4692,0,0,1
4693,0,3,242
4694,0,3,339
4695,0,0,0
4696,0,0,187
4697,0,1,6
4698,0,0,19
4699,0,2,284
4700,0,1,889
4701,0,2,3
4702,0,202,259
4703,0,0,6
4704,1,0,0
4705,0,1,35
4706,0,0,0
4707,0,2,2
4708,0,1,211
4709,0,1,1
4710,0,0,31
4711,1,2,8
4712,0,1,330
4713,0,0,2
4714,0,0,115
4715,0,0,129
4716,0,0,166
4717,0,0,377
4718,6,0,707
4719,0,2,3
4720,1,0,130
4721,0,2,2
4722,0,0,38
4723,0,0,0
4724,0,0,199
4725,0,2,4
4726,0,0,235
4727,0,0,41
4728,1,0,128
4729,1,0,331
4730,0,0,74
4731,0,2,352
4732,0,0,16
4733,0,0,38
4734,0,1,2
4735,0,0,127
4736,0,0,150
4737,0,3,576
4738,0,0,170
4739,0,1,240
4740,0,0,0
4741,0,0,653
4742,0,0,5
4743,1,0,255
4744,0,0,2
4745,0,0,52
4746,0,1,9
4747,0,0,2
4748,0,2,633
4749,0,0,190
4750,0,0,83
4751,0,0,0
4752,0,0,363
4753,1,1,14
4754,0,0,140
4755,0,0,238
4756,0,1,158
4757,0,93,436
4758,2,3,12
4759,2,0,377
4760,0,1,134
4761,2,0,1
4762,0,0,127
4763,1,0,4
4764,0,0,508
4765,0,0,3
4766,0,1,2
4767,0,3,736
4768,0,1,191
4769,0,0,121
4770,0,1,148
4771,1,0,98
4772,0,1,161
4773,0,1,305
4774,0,0,257
4775,2,0,7
4776,0,1,2
4777,0,0,62
4778,0,1,6
4779,0,0,1
4780,1,0,7
4781,0,2,357
4782,0,0,283
4783,0,0,0
4784,0,0,168
4785,1,2,0
4786,0,0,0
4787,1,0,9
4788,0,0,257
4789,0,0,1
4790,0,0,40
4791,0,0,6
4792,0,0,99
4793,0,1,3
4794,0,0,6
4795,1,2,2
4796,0,0,139
4797,0,2,165
4798,0,0,1
4799,0,0,1
4800,0,0,0
4801,0,0,5
4802,2,0,351
4803,0,0,2
4804,0,0,9
4805,0,0,1
4806,0,2,453
4807,2,1,619
4808,0,0,1
4809,0,1,311
4810,0,2,2
4811,0,0,0
4812,0,1,14
4813,0,0,103
4814,0,0,403
4815,0,1,0
4816,0,62,321
4817,0,0,80
4818,0,0,241
4819,1,0,4
4820,2,2,4
4821,0,0,3
4822,4,3,424
4823,0,0,237
4824,0,1,0
4825,0,0,188
4826,0,1,1
4827,0,19,145
4828,0,2,402
4829,0,0,195
4830,0,0,141
4831,2,1,127
4832,0,0,88
4833,0,1,3
4834,0,0,4
4835,4,0,6
4836,0,1,184
4837,0,0,114
4838,1,0,0
4839,0,1,554
4840,0,0,46
4841,0,0,294
4842,1,0,2
4843,0,0,0
4844,0,1,4
4845,0,1,611
4846,0,1,119
4847,1,1,4
4848,0,0,2
4849,0,1,362
4850,0,0,151
4851,0,0,19
4852,0,0,0
4853,0,0,73
4854,0,1,68
4855,0,0,321
4856,1,0,1
4857,0,0,43
4858,0,0,411
4859,3,0,8
4860,1,0,708
4861,0,0,156
4862,0,1,331
4863,0,0,0
4864,3,5,5
4865,0,0,80
4866,0,1,274
4867,0,0,118
4868,0,0,0
4869,2,2,322
4870,0,0,139
4871,1,2,2
4872,0,0,75
4873,1,0,4
4874,0,0,10
4875,0,1,173
4876,0,1,540
4877,0,1,559
4878,0,1,2
4879,1,0,586
4880,4,0,0
4881,0,0,2
4882,0,1,2
4883,0,0,562
4884,0,0,0
4885,0,1,340
4886,0,0,0
4887,0,0,96
4888,4,2,679
4889,0,1,150
4890,0,1,13
4891,0,0,2
4892,0,0,3
4893,0,1,0
4894,0,0,6
4895,0,0,10
4896,0,0,4
4897,0,0,2
4898,0,12,355
4899,16,4,1066
4900,0,0,0
4901,0,0,271
4902,0,0,91
4903,0,0,50
4904,0,1,515
4905,0,1,0
4906,0,0,3
4907,0,0,292
4908,1,1,3
4909,0,0,102
4910,0,0,2
4911,0,2,6
4912,2,1,6
4913,0,0,361
4914,0,0,110
4915,0,0,1
4916,0,1,445
4917,0,0,0
4918,3,2,4
4919,0,1,2
4920,0,0,28
4921,0,0,154
4922,6,1,2
4923,1,1,1
4924,0,0,136
4925,0,0,223
4926,0,0,51
4927,0,1,176
4928,0,5,1073
4929,0,0,2
4930,0,1,1
4931,0,0,3
4932,0,0,7
4933,0,0,47
4934,2,0,4
4935,0,1,3
4936,0,1,120
4937,0,0,129
4938,0,0,296
4939,0,0,328
4940,0,0,282
4941,0,0,1
4942,1,0,166
4943,0,0,246
4944,0,0,1
4945,0,1,163
4946,0,1,227
4947,0,0,0
4948,0,1,247
4949,2,0,3
4950,0,1,85
4951,0,4,202
4952,0,0,86
4953,0,0,76
4954,1,8,176
4955,0,0,242
4956,0,1,468
4957,0,0,9
4958,0,1,150
4959,0,1,2
4960,0,0,14
4961,0,0,5
4962,0,0,211
4963,0,0,173
4964,0,0,3
4965,0,0,4
4966,0,3,429
4967,0,1,1
4968,0,0,3
4969,0,1,457
4970,0,0,3
4971,0,0,648
4972,1,1,273
4973,0,0,92
4974,0,0,306
4975,0,1,16
4976,0,0,3
4977,0,0,2
4978,0,1,100
4979,0,0,1
4980,0,0,85
4981,0,0,239
4982,0,0,153
4983,0,0,1
4984,0,1,100
4985,0,0,216
4986,0,2,372
4987,0,0,59
4988,1,0,145
4989,0,2,2
4990,2,0,433
4991,0,0,3
4992,1,1,156
4993,0,0,59
4994,0,0,382
4995,0,1,6
4996,0,0,207
4997,2,0,2
4998,0,1,1
4999,0,0,2
5000,0,1,0
5001,0,0,188
5002,0,1,162
5003,0,0,68
5004,2,1,204
5005,0,0,1
5006,0,0,231
5007,0,1,104
5008,0,0,5
5009,0,0,258
5010,0,2,2
5011,0,1,195
5012,0,0,2
5013,0,0,32
5014,0,0,302
5015,0,1,83
5016,1,1,439
5017,2,0,1109
5018,2,1,436
5019,1,0,200
5020,0,1,7
5021,0,0,2
5022,0,0,756
5023,2,2,163
5024,0,0,2
5025,0,1,296
5026,0,1,707
5027,1,0,10
5028,0,0,264
5029,0,0,255
5030,0,0,226
5031,0,0,147
5032,1,4,1090
5033,0,0,306
5034,0,0,294
5035,2,0,1
5036,0,1,218
5037,0,0,45
5038,0,1,609
5039,0,0,7
5040,0,2,353
5041,2,0,2
5042,0,1,24
5043,0,1,6
5044,0,1,4
5045,0,2,4
5046,0,0,4
5047,0,0,118
5048,0,0,7
5049,2,0,577
5050,0,0,55
5051,0,0,70
5052,0,0,254
5053,0,0,3
5054,0,0,626
5055,0,0,48
5056,0,0,868
5057,0,0,129
5058,0,0,33
5059,0,1,1
5060,0,0,13
5061,0,0,101
5062,0,0,365
5063,0,0,0
5064,0,1,1
5065,0,2,5
5066,0,2,3
5067,0,0,343
5068,0,2,9
5069,0,3,5
5070,0,0,103
5071,0,1,478
5072,1,1,5
5073,0,0,2
5074,0,0,2
5075,0,1,115
5076,0,2,5
5077,0,0,88
5078,0,0,1
5079,0,0,4
5080,0,1,2
5081,2,0,429
5082,0,0,2
5083,0,0,11
5084,1,0,4
5085,0,0,208
5086,0,3,251
5087,0,0,7
5088,0,0,2
5089,0,4,4
5090,0,0,285
5091,0,0,227
5092,0,0,2
5093,0,0,2
5094,1,0,471
5095,0,0,2
5096,1,0,1
5097,0,1,3
5098,1,2,442
5099,0,0,3
5100,0,0,0
5101,0,0,1
5102,1,0,2
5103,0,0,232
5104,1,1,116
5105,0,0,208
5106,2,0,480
5107,0,0,346
5108,0,0,341
5109,0,0,0
5110,2,0,14
5111,0,0,126
5112,1,0,3
5113,0,1,3
5114,0,0,2
5115,0,0,190
5116,0,0,1
5117,0,0,217
5118,0,0,82
5119,0,0,114
5120,0,0,27
5121,0,0,2
5122,0,0,110
5123,0,1,151
5124,4,0,19
5125,0,1,202
5126,1,0,130
5127,1,0,202
5128,0,1,2
5129,4,0,216
5130,0,150,439
5131,0,0,2
5132,0,0,2
5133,0,0,133
5134,0,0,398
5135,0,1,22
5136,1,1,118
5137,0,1,692
5138,0,0,373
5139,0,0,1
5140,0,2,159
5141,0,2,328
5142,0,2,207
5143,0,0,1
5144,0,0,63
5145,0,19,377
5146,0,0,20
5147,0,4,433
5148,0,1,0
5149,0,0,162
5150,0,1,5
5151,0,0,230
5152,1,3,5
5153,0,1,168
5154,0,1,2
5155,1,0,183
5156,1,1,372
5157,0,0,1
5158,167,2,157
5159,1,2,3
5160,0,0,0
5161,0,0,2
5162,2,1,205
5163,0,2,152
5164,0,1,0
5165,0,0,53
5166,0,0,99
5167,0,0,126
5168,0,0,3
5169,0,0,1
5170,0,0,229
5171,0,0,1
5172,0,0,229
5173,2,0,465
5174,0,0,2
5175,1,1,188
5176,0,1,10
5177,0,2,24
5178,0,0,71
5179,0,0,253
5180,2,0,3
5181,0,0,2
5182,0,0,72
5183,0,0,139
5184,0,1,4
5185,0,2,3
5186,0,0,1
5187,0,2,702
5188,0,0,103
5189,0,0,386
5190,0,0,495
5191,0,4,507
5192,0,0,288
5193,0,0,296
5194,1,0,1
5195,0,0,164
5196,0,0,70
5197,0,0,133
5198,0,0,0
5199,0,1,3
5200,0,0,4
5201,0,1,6
5202,0,2,267
5203,0,1,462
5204,0,0,225
5205,0,1,294
5206,0,1,292
5207,0,0,274
5208,1,1,230
5209,0,0,1
5210,0,0,2
5211,0,0,303
5212,0,0,108
5213,0,1,7
5214,0,0,0
5215,0,0,99
5216,4,1,4
5217,0,1,178
5218,0,2,421
5219,0,1,5
5220,0,0,2
5221,0,0,3
5222,0,1,256
5223,0,0,97
5224,0,0,156
5225,0,1,1
5226,0,0,182
5227,0,0,0
5228,2,0,497
5229,0,0,0
5230,0,31,179
5231,0,0,4
5232,0,2,190
5233,0,0,387
5234,0,1,779
5235,0,0,0
5236,0,1,568
5237,0,0,47
5238,0,1,213
5239,1,0,4
5240,41,0,241
5241,0,0,1
5242,0,1,2
5243,1,0,0
5244,0,0,4
5245,0,1,3
5246,0,0,374
5247,0,2,262
5248,0,0,1
5249,0,0,239
5250,7,0,288
5251,0,0,336
5252,2,2,424
5253,0,0,1
5254,0,1,2
5255,0,0,4
5256,0,0,187
5257,0,0,6
5258,0,1,114
5259,0,1,5
5260,0,0,325
5261,0,1,261
5262,0,1,4
5263,0,1,3
5264,0,0,0
5265,0,0,3
5266,0,0,87
5267,0,0,294
5268,0,52,211
5269,0,3,4
5270,2,0,377
5271,0,0,118
5272,0,118,381
5273,0,0,0
5274,0,0,188
5275,0,0,3
5276,0,0,1
5277,0,1,339
5278,0,1,225
5279,0,0,0
5280,0,69,72
5281,0,0,91
5282,50,0,76
5283,0,0,97
5284,0,1,0
5285,0,0,5
5286,0,0,389
5287,0,0,241
5288,0,2,2
5289,0,0,0
5290,0,0,0
5291,0,1,41
5292,0,0,1
5293,0,150,580
5294,0,0,101
5295,3,1,184
5296,0,0,2
5297,0,0,1
5298,0,1,556
5299,2,0,107
5300,1,0,2
5301,0,0,136
5302,0,1,2
5303,0,0,125
5304,0,1,0
5305,0,0,3
5306,0,0,203
5307,0,0,1
5308,0,0,57
5309,0,0,94
5310,0,0,0
5311,2,0,1
5312,0,0,1
5313,0,1,571
5314,0,0,434
5315,0,1,248
5316,0,0,1
5317,1,0,3
5318,0,0,0
5319,0,0,1
5320,0,0,80
5321,0,0,5
5322,0,0,321
5323,2,0,361
5324,1,1,459
5325,0,0,243
5326,0,2,1
5327,0,0,119
5328,0,1,5
5329,0,93,250
5330,0,0,12
5331,0,0,1
5332,0,0,9
5333,0,1,2
5334,0,0,5
5335,1,0,302
5336,1,3,3
5337,4,0,1
5338,0,0,0
5339,0,1,0
5340,0,0,2
5341,0,0,2
5342,1,0,7
5343,0,0,233
5344,0,0,97
5345,3,2,9
5346,0,0,0
5347,0,1,6
5348,2,0,1
5349,0,1,1
5350,1,1,1
5351,0,2,6
5352,6,0,2
5353,0,0,31
5354,0,0,0
5355,0,0,1
5356,0,1,5
5357,0,0,141
5358,0,0,45
5359,0,8,14
5360,0,1,179
5361,0,0,3
5362,4,120,197
5363,0,1,1
5364,0,0,120
5365,0,0,294
5366,0,7,591
5367,0,0,1
5368,0,1,2
5369,0,0,269
5370,0,3,645
5371,0,0,4
5372,0,0,268
5373,0,1,281
5374,0,0,52
5375,0,0,411
5376,0,0,0
5377,0,1,409
5378,0,0,102
5379,0,1,257
5380,0,0,1
5381,0,2,135
5382,1,0,58
5383,6,0,0
5384,0,0,5
5385,0,1,263
5386,0,2,60
5387,0,0,0
5388,1,0,290
5389,2,0,190
5390,0,0,2
5391,0,0,48
5392,0,1,0
5393,0,2,2
5394,1,1,304
5395,1,1,6
5396,218,4,171
5397,0,0,320
5398,0,1,191
5399,0,0,187
5400,0,0,198
5401,0,0,3
5402,0,0,130
5403,0,0,1
5404,0,0,89
5405,1,0,0
5406,0,2,1
5407,0,0,139
5408,0,1,445
5409,0,1,56
5410,2,1,0
5411,1,3,160
5412,0,0,9
5413,0,0,425
5414,0,1,2
5415,2,1,2
5416,1,0,5
5417,1,0,3
5418,2,0,79
5419,0,1,719
5420,0,3,678
5421,0,0,355
5422,0,0,1
5423,0,0,61
5424,0,3,1
5425,0,4,406
5426,0,1,0
5427,0,0,1
5428,0,0,0
5429,0,0,326
5430,0,0,0
5431,0,0,0
5432,0,1,198
5433,0,2,196
5434,0,1,1
5435,2,3,415
5436,0,0,50
5437,0,0,4
5438,2,0,2
5439,0,0,224
5440,0,0,35
5441,0,1,558
5442,0,0,245
5443,0,0,126
5444,0,2,11
5445,0,0,448
5446,0,0,2
5447,1,0,656
5448,0,0,3
5449,0,4,521
5450,0,0,297
5451,1,0,371
5452,1,0,10
5453,0,0,73
5454,1,0,3
5455,0,0,196
5456,0,0,80
5457,0,0,44
5458,0,0,2
5459,0,0,143
5460,0,1,63
5461,0,0,96
5462,0,1,5
5463,0,0,167
5464,0,0,2
5465,1,1,87
5466,0,0,0
5467,0,0,2
5468,0,0,0
5469,0,0,4
5470,0,0,116
5471,0,0,3
5472,0,3,6
5473,0,0,0
5474,3,1,3
5475,0,0,5
5476,1,0,0
5477,0,0,178
5478,0,0,6
5479,0,0,8
5480,4,0,2
5481,0,1,258
5482,0,0,240
5483,3,1,184
5484,4,0,6
5485,0,0,373
5486,0,0,264
5487,0,0,3
5488,0,0,116
5489,0,1,68
5490,0,1,0
5491,0,0,74
5492,0,0,262
5493,0,0,154
5494,1,0,268
5495,0,1,0
5496,0,1,2
5497,0,0,76
5498,0,1,2
5499,0,0,0
5500,0,0,430
5501,0,1,789
5502,0,0,66
5503,0,0,6
5504,0,2,3
5505,0,1,5
5506,0,2,4
5507,0,0,192
5508,0,0,70
5509,0,0,419
5510,0,0,219
5511,0,0,125
5512,0,1,5
5513,0,0,1
5514,1,0,173
5515,0,0,1
5516,0,2,311
5517,1,0,9
5518,0,2,0
5519,0,0,1
5520,0,2,373
5521,1,1,72
5522,0,0,166
5523,0,0,72
5524,0,0,3
5525,14,0,5
5526,0,0,250
5527,0,0,191
5528,0,1,354
5529,0,0,3
5530,1,1,241
5531,4,0,1
5532,0,0,0
5533,0,0,0
5534,0,0,247
5535,0,3,0
5536,0,0,2
5537,0,0,3
5538,0,0,0
5539,35,0,2
5540,2,0,93
5541,0,0,78
5542,0,0,309
5543,0,0,256
5544,0,0,88
5545,0,1,3
5546,0,1,55
5547,0,0,666
5548,0,1,191
5549,0,0,49
5550,0,1,4
5551,0,2,27
5552,0,0,1
5553,0,76,380
5554,0,2,167
5555,0,0,0
5556,0,0,190
5557,0,0,8
5558,0,1,1
5559,0,0,105
5560,0,0,495
5561,0,0,635
5562,0,0,3
5563,0,0,244
5564,1,0,705
5565,0,0,0
5566,0,0,114
5567,0,0,2
5568,0,1,280
5569,4,1,684
5570,0,0,350
5571,0,1,1
5572,0,0,0
5573,0,9,350
5574,0,1,665
5575,0,0,283
5576,0,0,4
5577,3,2,812
5578,0,2,126
5579,0,0,0
5580,0,3,0
5581,2,0,9
5582,0,0,301
5583,0,1,239
5584,0,0,0
5585,1,0,77
5586,0,362,457
5587,0,0,4
5588,0,2,331
5589,0,0,295
5590,2,1,0
5591,0,0,291
5592,0,0,85
5593,2,0,45
5594,2,0,0
5595,0,0,0
5596,2,1,280
5597,0,1,87
5598,2,1,2
5599,0,0,1
5600,0,0,0
5601,0,1,150
5602,0,1,23
5603,0,0,137
5604,0,2,66
5605,0,0,4
5606,0,0,376
5607,286,0,163
5608,0,0,64
5609,0,0,52
5610,0,0,345
5611,0,0,9
5612,0,1,8
5613,0,0,212
5614,0,0,6
5615,0,0,448
5616,0,0,222
5617,0,0,0
5618,0,0,12
5619,2,0,62
5620,0,0,41
5621,0,0,344
5622,0,0,1
5623,4,1,2
5624,0,2,266
5625,0,0,0
5626,0,1,141
5627,0,1,263
5628,0,0,1
5629,0,0,9
5630,0,2,6
5631,0,2,6
5632,0,1,4
5633,0,0,3
5634,0,0,0
5635,0,0,3
5636,0,0,0
5637,0,0,40
5638,0,1,1
5639,4,0,6
5640,0,0,62
5641,0,0,201
5642,0,0,38
5643,0,0,199
5644,2,0,5
5645,0,0,1
5646,0,0,1
5647,0,0,2
5648,0,1,1
5649,0,0,274
5650,0,3,618
5651,0,7,364
5652,2,0,36
5653,0,1,282
5654,2,3,4
5655,0,0,1
5656,0,0,390
5657,0,2,3
5658,0,0,115
5659,0,2,730
5660,0,0,88
5661,0,0,0
5662,0,2,0
5663,0,1,316
5664,0,0,98
5665,0,0,3
5666,0,0,144
5667,4,1,323
5668,0,0,168
5669,2,0,0
5670,72,1,236
5671,0,1,3
5672,2,1,5
5673,0,1,0
5674,0,0,897
5675,0,0,0
5676,0,1,1
5677,3,0,2
5678,1,0,302
5679,1,0,2
5680,0,0,3
5681,1,1,8
5682,0,3,703
5683,0,0,367
5684,0,1,390
5685,0,1,83
5686,0,0,4
5687,2,0,1
5688,0,2,14
5689,0,0,3
5690,0,1,348
5691,2,1,3
5692,0,0,336
5693,0,1,132
5694,0,0,208
5695,0,0,4
5696,2,0,0
5697,1,0,3
5698,0,1,195
5699,0,0,4
5700,0,0,144
5701,0,4,674
5702,1,0,35
5703,2,0,3
5704,0,1,2
5705,0,0,79
5706,0,0,59
5707,0,0,29
5708,0,0,90
5709,0,0,2
5710,1,2,0
5711,0,0,1
5712,0,0,230
5713,2,2,1
5714,0,0,20
5715,4,0,129
5716,0,0,360
5717,1,1,624
5718,0,1,132
5719,0,0,5
5720,2,4,668
5721,4,0,11
5722,0,2,12
5723,1,0,1
5724,0,0,218
5725,0,2,268
5726,0,0,707
5727,0,0,2
5728,0,0,354
5729,0,0,208
5730,1,0,2
5731,0,2,3
5732,2,1,685
5733,0,0,111
5734,0,0,2
5735,0,0,94
5736,0,128,264
5737,0,0,132
5738,2,0,513
5739,0,0,3
5740,0,0,1
5741,0,0,1
5742,2,1,2
5743,4,0,365
5744,0,0,1
5745,0,0,1
5746,0,0,40
5747,0,0,3
5748,0,1,5
5749,0,0,198
5750,0,1,607
5751,0,2,480
5752,0,1,244
5753,0,0,450
5754,0,0,375
5755,1,2,7
5756,0,0,3
5757,0,0,84
5758,0,0,0
5759,0,0,1333
5760,0,0,0
5761,0,1,1
5762,0,3,3
5763,0,0,143
5764,1,1,3
5765,0,1,1
5766,0,0,282
5767,0,0,4
5768,0,0,3
5769,0,0,182
5770,2,0,0
5771,1,0,418
5772,0,0,40
5773,0,0,219
5774,0,0,6
5775,0,1,19
5776,0,0,288
5777,0,1,2
5778,0,0,4
5779,0,0,77
5780,0,0,197
5781,0,0,125
5782,0,1,314
5783,2,1,157
5784,0,0,4
5785,0,0,55
5786,0,1,229
5787,0,125,554
5788,0,0,564
5789,0,0,0
5790,0,0,1
5791,0,1,564
5792,0,1,0
5793,0,1,2
5794,0,0,218
5795,0,0,1
5796,0,0,193
5797,0,0,0
5798,0,0,130
5799,0,0,1
5800,1,1,3
5801,0,0,277
5802,0,0,1
5803,0,0,0
5804,0,0,147
5805,0,0,23
5806,1,1,8
5807,1,0,0
5808,0,0,1
5809,0,0,1
5810,0,1,2
5811,0,0,114
5812,5,0,2
5813,0,0,33
5814,0,0,285
5815,0,0,1
5816,0,0,1
5817,0,1,434
5818,0,0,30
5819,0,1,366
5820,2,1,2
5821,0,0,76
5822,0,0,358
5823,0,0,6
5824,0,0,262
5825,0,0,745
5826,0,1,297
5827,0,0,188
5828,0,0,224
5829,0,0,401
5830,0,2,4
5831,0,1,100
5832,1,2,94
5833,0,0,1
5834,2,0,4
5835,0,0,111
5836,0,0,229
5837,1,0,759
5838,4,0,2
5839,0,2,6
5840,0,0,471
5841,0,0,1
5842,0,2,219
5843,0,0,0
5844,0,1,5
5845,0,0,2
5846,2,0,2
5847,0,0,129
5848,0,0,274
5849,0,1,1
5850,0,0,56
5851,0,0,2
5852,1,0,4
5853,0,1,0
5854,0,1,316
5855,0,1,390
5856,0,0,4
5857,0,0,244
5858,0,2,58
5859,0,5,3
5860,0,1,1
5861,0,0,4
5862,0,0,86
5863,0,0,0
5864,0,0,4
5865,8,0,16
5866,2,1,231
5867,0,0,2
5868,0,0,0
5869,0,1,4
5870,0,0,122
5871,2,0,0
5872,0,0,577
5873,0,0,1
5874,0,0,1
5875,0,1,217
5876,0,0,178
5877,0,2,315
5878,0,0,94
5879,0,0,63
5880,0,0,8
5881,0,0,0
5882,0,1,310
5883,0,0,7
5884,0,0,230
5885,0,0,1
5886,0,0,34
5887,0,26,97
5888,0,1,223
5889,0,1,357
5890,0,0,86
5891,1,1,490
5892,1,4,260
5893,0,3,3
5894,1,0,3
5895,0,0,1
5896,0,1,621
5897,0,1,2
5898,0,0,145
5899,0,2,5
5900,1,0,3
5901,0,0,180
5902,0,0,148
5903,0,3,9
5904,0,0,117
5905,1,0,181
5906,0,1,6
5907,0,0,8
5908,0,0,0
5909,0,0,262
5910,0,0,95
5911,3,0,1
5912,0,3,9
5913,0,0,274
5914,0,0,4
5915,0,0,275
5916,0,0,5
5917,0,0,1
5918,0,1,9
5919,0,1,0
5920,2,8,136
5921,0,0,135
5922,0,0,256
5923,0,1,142
5924,0,0,5
5925,0,0,323
5926,0,0,151
5927,0,1,428
5928,0,0,206
5929,0,0,1
5930,0,0,1
5931,0,1,240
5932,0,0,67
5933,1,0,451
5934,0,0,5
5935,0,0,97
5936,0,2,292
5937,0,0,109
5938,0,1,1
5939,0,0,0
5940,0,0,152
5941,0,1,557
5942,6,0,346
5943,2,0,563
5944,0,0,0
5945,0,0,67
5946,0,0,194
5947,4,0,65
5948,8,1,6
5949,0,0,335
5950,2,0,65
5951,0,1,75
5952,0,0,79
5953,0,0,464
5954,0,0,4
5955,2,3,8
5956,0,0,238
5957,0,0,48
5958,0,0,0
5959,0,1,0
5960,0,1,4
5961,0,0,3
5962,0,1,27
5963,0,0,512
5964,0,0,149
5965,0,0,145
5966,0,1,1
5967,0,0,1
5968,0,0,274
5969,0,1,4
5970,1,0,2
5971,0,0,0
5972,1,1,3
5973,0,0,83
5974,1,1,2
5975,0,3,596
5976,0,30,85
5977,0,1,315
5978,0,2,266
5979,0,0,321
5980,0,5,52
5981,0,0,0
5982,0,0,0
5983,0,1,0
5984,0,1,62
5985,0,2,405
5986,0,0,346
5987,0,1,464
5988,0,0,2
5989,2,0,1
5990,1,0,2
5991,0,1,468
5992,0,3,9
5993,0,0,123
5994,0,0,0
5995,2,1,314
5996,0,0,422
5997,0,1,0
5998,0,1,320
5999,0,0,147
6000,8,0,481
6001,0,1,0
6002,0,0,124
6003,0,0,226
6004,0,0,287
6005,0,0,197
6006,0,0,0
6007,0,0,665
6008,4,2,230
6009,0,0,98
6010,0,0,392
6011,0,0,233
6012,0,1,3
6013,0,0,253
6014,0,1,1
6015,0,0,120
6016,0,0,184
6017,0,1,2
6018,1,103,471
6019,0,0,1
6020,0,0,2
6021,2,0,2
6022,0,0,400
6023,0,1,513
6024,0,0,6
6025,2,0,416
6026,0,272,482
6027,6,0,409
6028,324,1,1073
6029,0,187,586
6030,420,1,404
6031,10,1,8
6032,0,0,5
6033,0,0,569
6034,0,2,532
6035,1,0,153
6036,0,0,2
6037,0,0,292
6038,5,3,769
6039,0,0,1610
6040,0,0,157
6041,0,0,4
6042,0,0,0
6043,0,0,3
6044,0,0,310
6045,0,0,4
6046,663,2,441
6047,234,1,397
6048,0,0,249
6049,82,0,176
6050,0,56,387
6051,892,0,750
6052,0,0,1060
6053,0,1,839
6054,0,185,849
6055,0,0,62
6056,0,0,42
6057,0,0,135
6058,0,98,418
6059,0,148,124
6060,0,0,5
6061,0,3,637
6062,0,1,492
6063,0,1,25
6064,0,0,2
6065,222,0,475
6066,0,1,929
6067,1,0,524
6068,0,0,58
6069,545,0,609
6070,0,0,413
6071,0,2,486
6072,2,367,677
6073,0,2,674
6074,2,0,470
6075,0,0,496
6076,0,0,1
6077,0,0,337
6078,0,3,1372
6079,1,0,590
6080,4,2,411
6081,0,0,73
6082,0,0,36
6083,0,0,3
6084,4,2,15
6085,0,0,4
6086,70,1,72
6087,0,0,851
6088,0,0,129
6089,0,0,272
6090,0,0,241
6091,0,2,935
6092,0,0,59
6093,2,0,6
6094,0,0,954
6095,0,0,419
6096,0,2,325
6097,0,0,227
6098,0,0,110
6099,5,2,672
6100,0,137,572
6101,1,160,130
6102,1,3,785
6103,52,0,131
6104,2,2,268
6105,622,1,998
6106,0,0,314
6107,1,1,11
6108,0,0,17
6109,0,0,1
6110,0,0,402
6111,0,0,44
6112,0,1,605
6113,0,0,59
6114,0,0,135
6115,0,0,82
6116,0,1,64
6117,0,54,132
6118,0,0,356
6119,0,0,0
6120,0,1,67
6121,5,314,960
6122,0,1,165
6123,0,0,8
6124,0,0,2
6125,2,227,493
6126,381,0,324
6127,0,0,2
6128,0,1,0
6129,0,0,254
6130,0,0,139
6131,2,0,444
6132,0,1,491
6133,0,31,156
6134,8,0,131
6135,4,0,6
6136,1,444,1183
6137,0,4,1151
6138,0,0,3
6139,5,1,296
6140,0,1,455
6141,0,2,455
6142,123,0,258
6143,99,2,479
6144,0,0,785
6145,1,93,234
6146,0,2,875
6147,635,0,563
6148,0,1,900
6149,0,0,175
6150,0,0,794
6151,0,0,672
6152,0,0,33
6153,0,2,771
6154,2,1,501
6155,0,0,55
6156,5,1,8
6157,535,2,535
6158,0,0,482
6159,0,0,24
6160,181,3,518
6161,0,3,358
6162,0,50,236
6163,0,0,586
6164,0,0,466
6165,0,0,4
6166,1,1,931
6167,22,0,52
6168,0,0,81
6169,0,0,546
6170,2,0,42
6171,1,1,1022
6172,0,0,369
6173,291,1,1088
6174,0,0,411
6175,0,0,237
6176,0,0,121
6177,0,0,532
6178,1,1,1
6179,0,0,145
6180,1,0,413
6181,143,1,199
6182,0,1,145
6183,2,0,586
6184,0,0,369
6185,4,0,5
6186,1,261,584
6187,251,0,75
6188,0,1,6
6189,1,4,876
6190,7,2,9
6191,0,3,10
6192,0,0,617
6193,613,1,1405
6194,8,4,947
6195,0,1,220
6196,0,1,111
6197,43,0,52
6198,1,0,480
6199,0,0,483
6200,0,1,47
6201,0,0,709
6202,0,1,0
6203,273,1,424
6204,0,0,372
6205,10,0,1145
6206,0,0,339
6207,1392,1,966
6208,0,0,100
6209,0,0,428
6210,1,1,710
6211,908,2,849
6212,4,4,611
6213,4,5,758
6214,0,155,396
6215,1,1,4
6216,0,0,567
6217,0,0,90
6218,0,0,2
6219,0,1,705
6220,0,0,0
6221,0,0,122
6222,0,1,113
6223,0,10,424
6224,14,1,14
6225,2,1,33
6226,2,495,597
6227,0,0,269
6228,1,0,1006
6229,2,1,822
6230,648,0,450
6231,0,0,734
6232,2,2,1739
6233,0,0,10
6234,5,2,9
6235,0,0,1123
6236,0,1,8
6237,0,0,172
6238,0,0,1
6239,0,0,240
6240,0,0,350
6241,506,0,730
6242,5,1,570
6243,0,0,264
6244,1,1,1751
6245,1,2,661
6246,0,183,438
6247,0,1,619
6248,0,2,470
6249,0,0,33
6250,1,2,14
6251,59,0,36
6252,1,0,7
6253,29,0,67
6254,72,0,15
6255,0,14,468
6256,90,0,107
6257,0,0,7
6258,2,0,20
6259,0,0,477
6260,1,1,431
6261,0,0,1000
6262,24,0,91
6263,0,0,918
6264,0,1,476
6265,0,0,107
6266,1,0,549
6267,0,0,0
6268,0,4,4
6269,0,2,78
6270,0,0,14
6271,0,1,634
6272,1,0,289
6273,0,2,579
6274,0,0,599
6275,3,189,325
6276,5,1,811
6277,0,0,4
6278,0,1,389
6279,0,464,1595
6280,0,1,582
6281,0,0,172
6282,2,1,1032
6283,468,0,449
6284,0,4,810
6285,0,0,129
6286,2,51,303
6287,0,1,179
6288,4,3,846
6289,0,0,299
6290,2,1,933
6291,0,0,78
6292,0,0,520
6293,0,0,382
6294,2,1,430
6295,0,1,167
6296,707,7,958
6297,0,0,767
6298,0,0,845
6299,1,0,299
6300,229,1,422
6301,0,2,832
6302,0,1,451
6303,1,0,635
6304,2,0,50
6305,0,0,2
6306,0,1,272
6307,0,0,54
6308,0,105,185
6309,0,0,3
6310,1,1,3
6311,4,14,270
6312,0,1,733
6313,1,0,487
6314,0,0,327
6315,156,0,76
6316,1,0,1158
6317,2,0,651
6318,85,0,136
6319,1,0,758
6320,0,2,1
6321,4,1,926
6322,0,1,59
6323,3,0,4
6324,311,0,487
6325,415,0,519
6326,0,1,1048
6327,0,10,238
6328,0,4,787
6329,0,0,144
6330,165,0,156
6331,0,0,22
6332,0,0,2
6333,0,0,868
6334,0,0,152
6335,2,2,672
6336,0,48,253
6337,0,0,88
6338,0,0,452
6339,2,1,2
6340,0,56,122
6341,0,505,348
6342,3,5,7
6343,0,254,393
6344,0,1,0
6345,3,5,659
6346,0,1,266
6347,0,2,473
6348,0,1,200
6349,0,36,171
6350,8,0,1670
6351,148,0,478
6352,5,1,2
6353,0,132,212
6354,0,0,358
6355,0,3,4
6356,0,3,627
6357,0,0,66
6358,4,0,677
6359,4,0,36
6360,0,1,1681
6361,166,0,135
6362,0,0,505
6363,349,1,282
6364,1,0,630
6365,2,0,9
6366,0,0,237
6367,0,61,103
6368,233,0,612
6369,44,0,202
6370,2,1,979
6371,0,1,55
6372,0,0,205
6373,0,3,830
6374,0,2,2
6375,10,0,40
6376,102,12,189
6377,1,1,1
6378,619,0,201
6379,15,1,29
6380,10,0,64
6381,2,1,371
6382,0,0,136
6383,0,0,393
6384,0,0,242
6385,0,171,628
6386,0,2,1358
6387,773,3,1665
6388,2,2,1016
6389,0,4,317
6390,1,1,5
6391,0,0,105
6392,0,1,543
6393,1,0,7
6394,2,0,561
6395,552,0,228
6396,0,1,3
6397,1,0,504
6398,0,0,635
6399,0,2,609
6400,0,1,469
6401,1,0,5
6402,3,150,463
6403,0,0,682
6404,0,0,272
6405,0,0,912
6406,0,0,86
6407,0,0,5
6408,4,0,610
6409,9,250,1325
6410,830,0,404
6411,0,0,563
6412,371,0,683
6413,1696,2,2340
6414,0,2,845
6415,0,2,1
6416,597,0,844
6417,0,6,557
6418,1,2,588
6419,0,0,3
6420,2,72,55
6421,0,0,544
6422,0,2,361
6423,0,0,147
6424,0,1,5
6425,0,0,300
6426,191,1,179
6427,1,0,322
6428,17,0,104
6429,0,0,72
6430,0,0,0
6431,0,0,3
6432,0,61,34
6433,0,0,1
6434,1,1,755
6435,1,1,541
6436,2,1,2
6437,0,167,862
6438,0,0,0
6439,4,0,23
6440,14,0,47
6441,1,3,822
6442,0,1,273
6443,0,0,688
6444,0,0,331
6445,45,0,90
6446,0,0,833
6447,2,0,409
6448,11,0,15
6449,0,0,194
6450,0,0,0
6451,0,1,545
6452,0,1,496
6453,0,0,488
6454,1,0,319
6455,0,2,1363
6456,0,0,415
6457,996,3,964
6458,4,1,2
6459,0,0,424
6460,5,2,1793
6461,0,1,4
6462,0,0,1331
6463,113,0,554
6464,0,1,11
6465,0,0,3
6466,0,0,375
6467,0,3,917
6468,1431,1,365
6469,0,5,966
6470,2,7,197
6471,3,1,3
6472,0,0,554
6473,0,2,514
6474,1,0,31
6475,0,1,496
6476,0,0,290
6477,33,2,95
6478,1853,0,916
6479,0,0,302
6480,0,2,993
6481,0,3,1030
6482,299,0,147
6483,0,0,446
6484,1,0,1
6485,0,0,317
6486,945,1,915
6487,0,2,28
6488,0,1,509
6489,548,0,680
6490,294,1,432
6491,0,0,436
6492,2,1,5
6493,0,1,19
6494,0,0,463
6495,0,3,825
6496,0,3,2
6497,3,0,1258
6498,0,1,452
6499,4,1,452
6500,0,0,1
6501,313,1,295
6502,0,171,496
6503,0,131,160
6504,0,1,1192
6505,2,2,1294
6506,1,0,613
6507,0,0,67
6508,0,42,534
6509,568,0,604
6510,0,0,655
6511,0,1,250
6512,2,1,441
6513,0,0,153
6514,1,2,637
6515,0,0,580
6516,0,0,754
6517,0,280,431
6518,6,2,586
6519,2,1,382
6520,1,0,4
6521,2,249,842
6522,0,0,520
6523,0,1,866
6524,0,0,404
6525,0,37,201
6526,4,1,275
6527,0,0,2
6528,0,0,524
6529,0,0,0
6530,625,2,662
6531,0,0,1470
6532,0,1,276
6533,0,0,582
6534,2,149,458
6535,0,0,9
6536,0,83,152
6537,0,4,668
6538,0,0,0
6539,1,17,1371
6540,0,1,613
6541,0,1,399
6542,263,1,515
6543,0,1,314
6544,55,0,39
6545,0,0,232
6546,0,0,674
6547,3,108,610
6548,0,0,120
6549,0,0,253
6550,0,2,4
6551,0,0,609
6552,0,7,19
6553,217,0,494
6554,0,2,1533
6555,2,2,770
6556,0,0,137
6557,0,175,154
6558,0,1,515
6559,0,0,133
6560,0,0,11
6561,3,2,405
6562,0,0,233
6563,0,0,312
6564,0,1,5
6565,0,1,392
6566,0,2,1014
6567,4,0,465
6568,0,0,1
6569,0,0,261
6570,0,0,734
6571,0,0,1124
6572,0,1,813
6573,0,4,1649
6574,0,0,170
6575,0,1,309
6576,0,2,4
6577,258,0,274
6578,0,0,8
6579,0,1,0
6580,2,1,251
6581,0,1,215
6582,0,0,333
6583,1,1,407
6584,0,0,221
6585,0,2,377
6586,227,1,360
6587,0,0,481
6588,0,1,256
6589,0,0,585
6590,75,1,105
6591,2,1,394
6592,0,0,615
6593,0,1,956
6594,1,2,535
6595,23,0,349
6596,0,1,882
6597,1,1,2
6598,0,3,653
6599,0,0,404
6600,0,0,398
6601,0,1,437
6602,0,13,457
6603,0,1,654
6604,0,1,455
6605,399,1,773
6606,0,1,459
6607,0,0,1
6608,4,0,4
6609,2,1,320
6610,0,0,768
6611,0,0,357
6612,0,0,88
6613,0,1,563
6614,2,109,472
6615,0,0,663
6616,3,16,522
6617,0,0,466
6618,0,0,474
6619,0,1,798
6620,0,0,383
6621,0,0,84
6622,0,1,412
6623,386,0,704
6624,1,2,703
6625,0,0,250
6626,0,1,134
6627,125,2,235
6628,749,1,720
6629,1,3,11
6630,0,0,151
6631,2,2,794
6632,0,1,945
6633,290,1,548
6634,0,0,0
6635,0,2,1040
6636,0,0,239
6637,0,0,6
6638,20,0,3
6639,0,0,393
6640,0,44,253
6641,0,0,522
6642,0,2,635
6643,4,1,9
6644,1,381,656
6645,0,0,3
6646,0,0,597
6647,425,0,387
6648,2,0,129
6649,0,0,66
6650,4,0,432
6651,2,452,755
6652,936,0,494
6653,9,0,40
6654,0,0,3
6655,0,40,380
6656,0,2,714
6657,3,0,798
6658,3,0,8
6659,1,1,305
6660,0,1,152
6661,0,3,1434
6662,0,1,618
6663,0,0,229
6664,0,0,384
6665,0,0,2
6666,200,1,384
6667,1,1,247
6668,0,1,9
6669,159,0,66
6670,0,0,4
6671,0,1,791
6672,0,0,0
6673,2,24,703
6674,0,2,406
6675,1,7,212
6676,0,0,148
6677,0,0,6
6678,0,0,267
6679,0,0,225
6680,0,0,126
6681,0,0,240
6682,0,1,393
6683,1,1,617
6684,102,0,274
6685,0,1,25
6686,2,0,3
6687,0,0,526
6688,2,1,540
6689,0,2,491
6690,133,0,290
6691,0,166,435
6692,0,1,1122
6693,0,3,46
6694,0,357,344
6695,0,0,152
6696,135,2,156
6697,0,0,160
6698,0,0,492
6699,0,2,668
6700,0,0,16
6701,0,1,4
6702,0,1,921
6703,6,1,24
6704,1,0,1901
6705,0,22,161
6706,0,0,226
6707,2,67,287
6708,0,1,305
6709,931,1,632
6710,0,0,346
6711,71,2,764
6712,932,1,1098
6713,0,0,3
6714,3,2,480
6715,0,0,2
6716,2,0,776
6717,53,0,157
6718,0,21,163
6719,130,0,446
6720,0,0,615
6721,2,0,5
6722,3,0,4
6723,0,2,506
6724,0,0,438
6725,0,410,939
6726,0,1,219
6727,0,77,515
6728,0,0,182
6729,91,1,338
6730,0,0,427
6731,0,1,459
6732,0,11,156
6733,0,0,5
6734,1,0,3
6735,0,12,53
6736,0,0,10
6737,0,2,590
6738,0,1,338
6739,5,1,2
6740,0,0,548
6741,0,0,613
6742,0,1,228
6743,21,2,79
6744,22,0,475
6745,0,0,716
6746,2,0,1
6747,1,0,413
6748,441,1,555
6749,0,0,395
6750,0,2,617
6751,0,2,442
6752,0,35,524
6753,168,2,278
6754,278,0,355
6755,0,0,374
6756,3,0,3
6757,1,4,0
6758,0,0,163
6759,1,0,9
6760,0,1,539
6761,0,0,109
6762,0,0,3
6763,0,1,459
6764,1,0,438
6765,175,0,196
6766,0,0,63
6767,3,0,5
6768,0,0,633
6769,0,0,0
6770,0,1,649
6771,0,1,649
6772,14,4,450
6773,0,1,483
6774,0,0,178
6775,0,50,490
6776,0,1,142
6777,0,1,235
6778,1,2,632
6779,0,0,0
6780,164,0,0
6781,409,1,653
6782,0,0,486
6783,0,1,4
6784,0,122,507
6785,0,0,170
6786,0,16,104
6787,3,0,548
6788,0,0,87
6789,1,2,656
6790,0,85,314
6791,224,0,664
6792,45,1,379
6793,0,3,709
6794,0,0,528
6795,0,1,4
6796,0,0,69
6797,0,0,1
6798,1,2,1351
6799,0,2,271
6800,4,1,443
6801,1,2,784
6802,0,0,675
6803,0,0,106
6804,0,0,10
6805,0,1,468
6806,1,2,1336
6807,0,0,680
6808,0,0,203
6809,0,1,468
6810,0,0,126
6811,14,2,49
6812,0,0,712
6813,0,1,71
6814,0,0,502
6815,8,0,564
6816,128,1,61
6817,5,0,1042
6818,0,3,441
6819,12,3,33
6820,0,0,512
6821,0,1,387
6822,0,1,502
6823,0,2,702
6824,0,0,267
6825,0,0,299
6826,0,0,326
6827,1,3,346
6828,0,2,523
6829,0,0,297
6830,1,0,9
6831,0,5,1289
6832,0,0,196
6833,0,1,598
6834,1,29,916
6835,1051,3,834
6836,4,2,542
6837,0,137,301
6838,0,2,104
6839,0,0,145
6840,0,0,1
6841,0,0,322
6842,0,0,736
6843,0,1,9
6844,0,5,1160
6845,0,2,780
6846,6,0,2
6847,0,0,325
6848,0,0,661
6849,0,89,250
6850,0,1,690
6851,0,1,338
6852,5,0,215
6853,0,0,3
6854,0,1,630
6855,2,1,402
6856,0,170,317
6857,0,0,42
6858,0,1,809
6859,0,0,0
6860,0,0,176
6861,1,0,878
6862,0,0,931
6863,2,1,620
6864,0,0,804
6865,0,108,554
6866,0,0,238
6867,538,0,797
6868,0,1,0
6869,0,0,39
6870,2,4,610
6871,0,0,1
6872,0,2,596
6873,535,5,1572
6874,0,0,3
6875,0,2,151
6876,1828,4,4769
6877,0,0,195
6878,0,0,95
6879,0,0,58
6880,0,0,1028
6881,0,0,433
6882,0,23,659
6883,0,0,9
6884,0,10,108
6885,0,0,3
6886,0,0,523
6887,1,0,371
6888,4,446,355
6889,0,0,140
6890,0,0,399
6891,2,2,19
6892,1,0,680
6893,0,0,113
6894,6,3,1558
6895,0,0,202
6896,8,1,177
6897,0,1,271
6898,1,184,609
6899,353,0,552
6900,0,0,241
6901,0,0,248
6902,0,0,654
6903,0,67,253
6904,518,0,292
6905,0,1,352
6906,0,1,350
6907,1,112,640
6908,2,1,741
6909,2,0,17
6910,0,0,100
6911,0,0,39
6912,0,1,395
6913,0,0,325
6914,0,1,761
6915,6,0,38
6916,0,0,754
6917,1134,1,1173
6918,0,1,136
6919,0,0,184
6920,0,2,241
6921,0,1,168
6922,0,1,189
6923,2,2,806
6924,0,1,647
6925,0,0,34
6926,0,1,1
6927,2,1,3
6928,0,452,1407
6929,0,0,282
6930,12,0,39
6931,1150,2,712
6932,830,1,1135
6933,0,49,97
6934,0,0,458
6935,0,0,374
6936,0,2,2
6937,0,0,392
6938,0,0,187
6939,0,0,497
6940,0,0,125
6941,692,0,662
6942,0,1,920
6943,2,3,14
6944,5,1,649
6945,0,1,328
6946,0,0,456
6947,0,0,227
6948,0,0,112
6949,2,2,777
6950,1,0,338
6951,1,0,5
6952,912,0,826
6953,0,0,20
6954,0,0,789
6955,0,0,202
6956,0,1,387
6957,0,0,40
6958,0,0,394
6959,323,0,681
6960,0,1,804
6961,0,0,3
6962,0,0,59
6963,0,1,557
6964,0,0,67
6965,0,0,0
6966,0,0,98
6967,2,3,718
6968,0,1,63
6969,0,0,46
6970,582,0,549
6971,0,1,106
6972,0,0,585
6973,0,2,149
6974,88,175,358
6975,7,1,12
6976,2,0,410
6977,0,0,476
6978,0,0,269
6979,0,0,541
6980,43,0,0
6981,2,0,336
6982,0,1,1
6983,0,0,82
6984,0,0,263
6985,460,0,1082
6986,0,61,162
6987,0,0,462
6988,0,0,684
6989,106,0,173
6990,469,0,102
6991,2,0,74
6992,0,0,312
6993,0,3,74
6994,0,0,241
6995,0,0,96
6996,0,0,4
6997,1,1,1
6998,286,2,205
6999,0,0,110
7000,0,1,383
7001,1,1,161
7002,1,2,1068
7003,0,0,278
7004,252,0,310
7005,588,1,609
7006,0,0,614
7007,0,0,588
7008,2,4,1318
7009,0,1,525
7010,0,0,268
7011,0,0,310
7012,0,0,342
7013,150,0,257
7014,0,2,4
7015,0,0,0
7016,0,2,1006
7017,0,0,17
7018,0,0,3
7019,48,1,294
7020,2,3,246
7021,0,0,752
7022,1,0,388
7023,0,0,625
7024,4,0,553
7025,1210,3,965
7026,0,0,319
7027,0,1,469
7028,0,0,2
7029,2,0,4
7030,0,0,98
7031,0,2,518
7032,686,1,753
7033,1,0,6
7034,2,0,90
7035,0,0,650
7036,667,0,1046
7037,0,1,897
7038,509,0,287
7039,0,3,446
7040,1,0,257
7041,0,1,0
7042,0,0,1
7043,0,0,229
7044,1,0,2
7045,0,0,901
7046,0,0,176
7047,7,0,793
7048,0,0,4
7049,2,2,486
7050,14,1,3
7051,0,105,90
7052,0,0,1
7053,0,0,3
7054,1,330,1251
7055,0,0,5
7056,588,1,776
7057,0,1,3
7058,0,0,2
7059,0,0,1391
7060,0,1,3
7061,1,0,424
7062,6,5,406
7063,9,0,2
7064,0,55,61
7065,0,0,272
7066,0,2,2
7067,417,0,424
7068,0,1,211
7069,0,10,951
7070,3,202,479
7071,0,1,379
7072,0,0,77
7073,0,108,80
7074,0,0,1
7075,566,1,759
7076,0,2,406
7077,1,2,506
7078,0,0,307
7079,0,0,271
7080,1,3,847
7081,6,0,246
7082,2,1,375
7083,2,1,217
7084,0,0,482
7085,0,0,88
7086,430,0,397
7087,1,0,4
7088,0,0,308
7089,0,0,546
7090,2,0,119
7091,0,0,238
7092,132,0,763
7093,2,2,385
7094,904,0,725
7095,0,0,557
7096,0,0,4
7097,0,0,295
7098,0,0,3
7099,1,0,4
7100,0,0,1
7101,0,513,406
7102,0,0,184
7103,0,210,941
7104,0,56,354
7105,1,1,553
7106,0,2,302
7107,0,232,297
7108,598,0,637
7109,0,0,107
7110,0,0,255
7111,0,0,434
7112,2,2,1274
7113,0,1,663
7114,1,1,558
7115,0,4,237
7116,0,1,0
7117,0,2,198
7118,0,0,355
7119,2,0,696
7120,0,0,1
7121,0,0,159
7122,1,4,3
7123,0,3,679
7124,0,0,1047
7125,0,2,5
7126,0,2,368
7127,0,2,573
7128,0,6,153
7129,37,0,96
7130,0,1,275
7131,0,0,10
7132,0,0,200
7133,0,0,417
7134,2,2,1
7135,883,3,574
7136,1231,1,421
7137,0,0,86
7138,8,3,6
7139,0,4,898
7140,0,334,407
7141,685,2,846
7142,0,0,545
7143,0,0,92
7144,0,0,883
7145,1,1,1019
7146,0,0,188
7147,0,0,131
7148,1,2,1376
7149,0,2,2
7150,2,0,13
7151,2,0,550
7152,2,0,105
7153,4,0,21
7154,688,3,1365
7155,0,2,1134
7156,40,4,701
7157,0,0,4
7158,0,0,732
7159,2,1,5
7160,298,0,355
7161,0,2,12
7162,1,0,150
7163,0,2,3
7164,0,1,1118
7165,0,27,160
7166,0,0,1
7167,1,1,743
7168,0,1,675
7169,90,28,439
7170,0,0,662
7171,0,1,811
7172,0,0,912
7173,0,0,23
7174,1,0,2
7175,0,0,511
7176,0,222,649
7177,0,1,1005
7178,0,159,550
7179,0,1,477
7180,122,0,67
7181,58,0,137
7182,0,0,2
7183,0,1,606
7184,0,1,242
7185,0,0,610
7186,0,1,821
7187,0,0,44
7188,1,2,451
7189,0,1,987
7190,1252,3,963
7191,0,1,3
7192,0,0,110
7193,1,0,649
7194,0,0,7
7195,4,2,551
7196,2,2,822
7197,1,3,371
7198,0,2,925
7199,13,2,10
7200,0,0,372
7201,0,0,355
7202,0,0,138
7203,2,2,388
7204,813,0,248
7205,1,0,0
7206,0,0,1
7207,690,2,559
7208,0,0,4
7209,0,2,340
7210,0,0,172
7211,1444,0,266
7212,0,1,9
7213,0,0,332
7214,2,0,41
7215,0,0,143
7216,2,5,1365
7217,1,0,498
7218,0,2,740
7219,0,0,3
7220,1,0,3
7221,4,3,2
7222,10,1,66
7223,8,2,344
7224,0,0,86
7225,5,0,993
7226,0,154,373
7227,0,13,77
7228,0,0,206
7229,0,1,567
7230,0,6,309
7231,171,0,218
7232,0,0,1
7233,0,1,7
7234,0,0,196
7235,0,0,451
7236,0,0,551
7237,0,2,700
7238,3,4,915
7239,0,2,184
7240,0,0,41
7241,0,1,537
7242,2,1,1296
7243,0,0,2
7244,505,0,397
7245,211,25,454
7246,1,0,537
7247,0,2,547
7248,3,0,535
7249,0,1,163
7250,2,35,463
7251,0,154,256
7252,171,0,536
7253,0,0,265
7254,0,2,137
7255,0,2,923
7256,0,0,189
7257,2,0,309
7258,1,0,681
7259,10,31,1122
7260,0,3,625
7261,0,48,219
7262,0,35,34
7263,5,549,745
7264,0,0,206
7265,0,0,493
7266,0,13,61
7267,0,1,661
7268,0,0,0
7269,0,136,699
7270,341,1,321
7271,0,4,685
7272,0,1,243
7273,0,0,728
7274,0,119,548
7275,82,1,1032
7276,0,0,69
7277,6,0,601
7278,0,237,691
7279,0,2,5
7280,0,0,497
7281,0,57,437
7282,0,0,284
7283,0,0,438
7284,0,1,139
7285,0,96,474
7286,0,0,396
7287,1068,0,941
7288,97,1,397
7289,0,0,398
7290,0,0,412
7291,0,1,264
7292,0,0,366
7293,0,0,786
7294,0,1,7
7295,2,0,5
7296,4,0,51
7297,203,1,238
7298,1,0,227
7299,0,0,424
7300,0,0,402
7301,0,0,307
7302,0,0,3
7303,0,0,360
7304,0,0,44
7305,265,1,1003
7306,0,0,447
7307,0,1,554
7308,0,0,61
7309,0,0,61
7310,0,0,0
7311,0,4,1601
7312,1,289,1028
7313,2,0,229
7314,0,20,156
7315,0,208,754
7316,0,0,247
7317,2,7,402
7318,1,1,227
7319,661,0,398
7320,1,1,550
7321,358,1,197
7322,0,0,467
7323,4,55,639
7324,0,1,976
7325,0,182,359
7326,0,0,259
7327,4,3,3
7328,0,4,958
7329,1,0,473
7330,0,0,337
7331,0,0,978
7332,0,0,271
7333,0,0,65
7334,0,0,304
7335,0,1,4
7336,1,1,316
7337,1,2,553
7338,0,0,0
7339,0,0,213
7340,0,0,660
7341,1,1,570
7342,0,0,1114
7343,158,1,401
7344,2,122,153
7345,463,0,420
7346,0,0,451
7347,0,0,290
7348,453,3,790
7349,2,0,403
7350,0,0,3
7351,6,0,1
7352,0,0,132
7353,272,0,395
7354,0,1,310
7355,723,0,625
7356,1,1,1
7357,0,61,188
7358,0,1,9
7359,0,0,470
7360,0,1,310
7361,0,0,459
7362,29,0,246
7363,2,1,4
7364,0,0,699
7365,0,0,222
7366,0,133,91
7367,0,28,130
7368,0,0,78
7369,0,0,107
7370,0,0,40
7371,0,0,1
7372,6,1,368
7373,3,1,9
7374,0,0,77
7375,0,7,98
7376,0,0,437
7377,0,9,73
7378,0,55,149
7379,0,1,3
7380,0,1,293
7381,0,0,55
7382,0,0,779
7383,0,2,41
7384,0,1,10
7385,0,362,637
7386,0,0,1
7387,2,107,270
7388,0,2,1090
7389,5,0,5
7390,0,0,972
7391,2,1,213
7392,0,0,98
7393,0,0,155
7394,2,1,3
7395,0,7,651
7396,0,2,471
7397,0,1,279
7398,0,0,58
7399,0,0,40
7400,0,2,803
7401,2,0,1449
7402,0,0,112
7403,0,1,547
7404,6,183,520
7405,86,2,674
7406,0,0,505
7407,0,0,1
7408,500,0,469
7409,0,2,715
7410,351,0,233
7411,476,1,280
7412,0,1,8
7413,0,0,0
7414,0,0,924
7415,0,0,430
7416,0,265,597
7417,0,0,57
7418,2,470,608
7419,2,16,655
7420,0,337,919
7421,0,0,189
7422,2,2,1180
7423,4,3,607
7424,0,0,47
7425,401,0,351
7426,1,21,442
7427,688,1,713
7428,0,0,454
7429,1,0,405
7430,0,0,540
7431,1,0,666
7432,0,0,43
7433,0,0,620
7434,0,0,215
7435,0,1,7
7436,0,1,480
7437,0,0,328
7438,193,1,452
7439,0,0,365
7440,1,82,539
7441,0,0,185
7442,0,3,427
7443,0,0,157
7444,1,0,447
7445,0,172,611
7446,0,169,796
7447,0,0,725
7448,0,0,954
7449,8,1,1068
7450,219,1,606
7451,1,2,11
7452,0,380,905
7453,0,131,344
7454,0,0,195
7455,0,385,646
7456,0,0,611
7457,1,0,131
7458,0,0,104
7459,2,1,478
7460,2,1,3
7461,548,0,783
7462,1,1,726
7463,0,1,1501
7464,0,1,453
7465,4,0,233
7466,0,0,1163
7467,14,1,1037
7468,2,3,486
7469,0,0,503
7470,0,0,1
7471,0,0,70
7472,0,0,144
7473,0,0,0
7474,0,0,48
7475,0,1,835
7476,0,1,353
7477,0,1,129
7478,0,0,265
7479,2,0,523
7480,61,0,66
7481,2,0,850
7482,7,1,802
7483,6,0,5
7484,0,0,315
7485,0,0,53
7486,1,135,488
7487,0,1,4
7488,1,0,246
7489,0,1,735
7490,1196,1,901
7491,0,0,11
7492,0,1,494
7493,0,22,85
7494,1,0,633
7495,1,72,712
7496,0,1,126
7497,1,2,7
7498,0,0,326
7499,0,0,200
7500,2,0,521
7501,0,0,465
7502,0,0,477
7503,2,0,582
7504,683,1,889
7505,0,0,250
7506,1,4,545
7507,0,1,872
7508,0,0,228
7509,5,0,9
7510,0,3,8
7511,1,2,411
7512,0,0,87
7513,2,1,7
7514,0,183,93
7515,26,0,50
7516,2,1,5
7517,0,0,1
7518,0,68,378
7519,0,1,54
7520,0,1,496
7521,856,0,576
7522,0,1,242
7523,1,0,99
7524,0,2,0
7525,2,0,119
7526,1366,1,1206
7527,1031,1,696
7528,0,0,609
7529,0,1,627
7530,0,0,245
7531,0,321,492
7532,80,1,138
7533,0,1,1
7534,4,0,6
7535,1,149,475
7536,0,0,202
7537,2,0,38
7538,1,0,0
7539,245,0,314
7540,5,1,528
7541,2,0,449
7542,0,0,84
7543,2,260,698
7544,525,1,476
7545,0,1,29
7546,851,1,593
7547,0,0,485
7548,248,1,1099
7549,0,1,825
7550,0,0,5
7551,0,0,462
7552,0,249,628
7553,0,0,552
7554,0,0,205
7555,640,3,980
7556,0,0,842
7557,0,0,622
7558,0,0,139
7559,0,0,781
7560,0,2,1074
7561,1304,0,718
7562,0,0,0
7563,0,0,630
7564,1,0,1
7565,201,0,348
7566,0,0,365
7567,0,0,199
7568,0,0,402
7569,0,0,156
7570,0,0,12
7571,0,0,105
7572,0,0,530
7573,0,321,393
7574,4,1,12
7575,0,1,174
7576,0,0,612
7577,0,0,432
7578,0,4,1250
7579,0,92,362
7580,0,0,838
7581,0,110,260
7582,2,161,2197
7583,0,0,2
7584,361,3,1063
7585,0,3,452
7586,8,0,36
7587,926,2,579
7588,0,0,0
7589,0,26,112
7590,0,0,4
7591,3,0,34
7592,5,2,667
7593,1,0,2
7594,2,0,4
7595,0,1,482
7596,2,0,8
7597,0,0,265
7598,0,2,2
7599,1,2,231
7600,0,0,582
7601,343,0,471
7602,0,0,0
7603,0,0,1
7604,0,0,157
7605,2,0,715
7606,3,0,6
7607,1092,0,569
7608,1223,0,553
7609,0,0,0
7610,0,0,368
7611,0,0,0
7612,2,0,508
7613,0,1,1736
7614,0,2,1092
7615,0,0,344
7616,0,2,11
7617,0,125,431
7618,0,0,100
7619,0,2,1203
7620,0,1,401
7621,285,1,359
7622,1,1,3
7623,0,0,685
7624,0,1,5
7625,2,434,823
7626,8,1,14
7627,317,1,902
7628,1,5,830
7629,0,0,22
7630,0,0,397
7631,2,1,61
7632,1197,3,809
7633,0,0,2
7634,1,2,291
7635,0,1,254
7636,0,2,917
7637,1,71,602
7638,2,2,967
7639,0,0,232
7640,0,0,338
7641,141,1,311
7642,0,0,152
7643,0,0,3
7644,941,1,1785
7645,0,2,603
7646,0,6,5
7647,0,0,576
7648,0,2,4
7649,0,2,188
7650,1,1,114
7651,0,0,482
7652,0,1,9
7653,1282,1,767
7654,9,0,299
7655,2,12,830
7656,8,0,8
7657,0,0,848
7658,0,0,208
7659,2,1,1230
7660,0,3,633
7661,0,0,120
7662,0,3,418
7663,0,0,225
7664,0,383,478
7665,0,0,170
7666,0,1,2
7667,0,0,315
7668,0,1,10
7669,3,1,616
7670,0,205,1247
7671,497,0,232
7672,0,1,8
7673,1,1,890
7674,0,0,0
7675,0,169,32
7676,0,0,73
7677,6,0,8
7678,14,3,5
7679,0,0,796
7680,0,0,568
7681,0,0,653
7682,0,0,1
7683,0,3,2381
7684,2,0,669
7685,0,0,921
7686,1,1,807
7687,0,1,332
7688,0,225,475
7689,4,3,951
7690,1,2,422
7691,1,0,564
7692,1,3,8
7693,0,0,568
7694,1,4,869
7695,0,0,5
7696,0,0,258
7697,1,1,941
7698,0,1,121
7699,0,0,913
7700,0,2,322
7701,0,1,259
7702,0,1,432
7703,1,3,810
7704,0,0,999
7705,3,0,500
7706,0,0,125
7707,0,1,1036
7708,8,0,871
7709,0,0,621
7710,2,1,210
7711,0,0,122
7712,1,0,422
7713,5,0,30
7714,0,0,100
7715,1,3,1535
7716,0,345,582
7717,1,0,580
7718,0,180,179
7719,0,1,0
7720,0,0,289
7721,1,0,3
7722,0,0,164
7723,0,0,210
7724,0,0,207
7725,0,1,408
7726,0,2,357
7727,0,0,201
7728,0,0,42
7729,0,106,128
7730,0,0,247
7731,0,2,910
7732,1,1,332
7733,1,0,556
7734,0,1,689
7735,0,2,8
7736,0,1,539
7737,5,0,410
7738,0,0,14
7739,0,0,492
7740,0,0,38
7741,22,0,3
7742,0,0,297
7743,0,2,2
7744,0,133,170
7745,1057,1,448
7746,2,0,311
7747,0,1,923
7748,0,0,3
7749,2,3,564
7750,0,0,85
7751,0,1,215
7752,0,1,730
7753,0,0,1
7754,0,0,0
7755,0,0,4
7756,0,0,12
7757,0,0,56
7758,0,0,589
7759,0,2,1432
7760,2,0,2
7761,0,3,509
7762,0,0,991
7763,54,0,80
7764,584,5,1087
7765,0,0,606
7766,0,3,330
7767,1159,2,713
7768,0,0,1
7769,0,1,841
7770,0,0,506
7771,0,459,1044
7772,0,0,0
7773,0,0,98
7774,2,0,481
7775,163,1,362
7776,0,1,459
7777,1,2,6
7778,1,0,199
7779,0,12,261
7780,0,1,736
7781,0,0,571
7782,91,0,129
7783,0,0,113
7784,0,0,506
7785,0,1,1235
7786,35,0,65
7787,0,1,12
7788,0,0,532
7789,4,3,981
7790,0,55,192
7791,0,11,153
7792,6,2,1
7793,714,2,480
7794,0,64,94
7795,1,2,10
7796,4,1,438
7797,0,0,9
7798,0,3,873
7799,2,0,0
7800,35,0,53
7801,0,0,36
7802,0,0,540
7803,0,1,6
7804,0,46,398
7805,0,0,106
7806,4,0,1
7807,0,2,576
7808,0,229,667
7809,1353,2,1060
7810,0,0,116
7811,0,1,49
7812,2,1,305
7813,0,0,276
7814,329,2,587
7815,0,1,83
7816,0,0,663
7817,4,1,4
7818,0,0,255
7819,2,1,555
7820,0,89,371
7821,84,0,52
7822,148,0,35
7823,20,2,334
7824,2,1,1198
7825,0,0,367
7826,0,0,108
7827,1,0,592
7828,1,0,242
7829,2,0,7
7830,0,2,392
7831,0,1,417
7832,0,0,259
7833,0,227,1083
7834,1252,2,1152
7835,812,0,831
7836,12,2,459
7837,2,0,758
7838,0,1,0
7839,34,0,64
7840,3,0,0
7841,1,0,269
7842,0,0,996
7843,0,78,323
7844,1,58,357
7845,403,1,441
7846,0,0,587
7847,0,1,166
7848,2,0,540
7849,0,0,114
7850,2,0,1
7851,1,0,661
7852,0,1,362
7853,0,0,656
7854,0,0,676
7855,3,1,4
7856,92,1,289
7857,0,1,1136
7858,0,0,194
7859,0,0,34
7860,0,0,480
7861,1,1,456
7862,998,3,715
7863,0,0,90
7864,0,0,834
7865,871,0,465
7866,35,0,112
7867,105,5,174
7868,0,278,449
7869,0,0,426
7870,0,0,43
7871,404,2,780
7872,0,22,283
7873,2,2,602
7874,2,1,248
7875,28,0,57
7876,0,0,5
7877,0,0,799
7878,1,2,481
7879,0,0,580
7880,0,0,186
7881,0,3,334
7882,0,0,300
7883,0,100,127
7884,2604,1,1219
7885,0,0,59
7886,0,2,935
7887,1,8,592
7888,0,4,1170
7889,0,0,592
7890,67,1,244
7891,460,0,913
7892,0,1,191
7893,0,2,562
7894,0,0,1
7895,0,0,468
7896,3,3,413
7897,2,0,72
7898,0,45,419
7899,0,1,6
7900,0,0,386
7901,100,0,705
7902,0,0,642
7903,0,0,589
7904,0,0,510
7905,4,0,668
7906,0,0,262
7907,194,0,224
7908,1,0,1
7909,0,0,239
7910,1,1,3
7911,4,1,651
7912,942,1,456
7913,0,1,59
7914,116,1,142
7915,0,17,714
7916,5,1,12
7917,2,1,1148
7918,0,0,354
7919,0,0,0
7920,0,0,212
7921,2,1,226
7922,0,2,180
7923,0,0,8
7924,6,0,156
7925,370,0,642
7926,0,0,184
7927,246,3,473
7928,0,1,2
7929,2,1,23
7930,0,0,461
7931,0,0,519
7932,4,5,1153
7933,1,0,20
7934,0,0,864
7935,0,0,25
7936,0,129,195
7937,2,2,350
7938,0,1,46
7939,0,0,1
7940,2,4,2531
7941,0,0,58
7942,0,0,533
7943,1008,2,1333
7944,0,0,2
7945,1,297,810
7946,0,0,2
7947,0,0,2
7948,105,0,177
7949,0,1,437
7950,4,0,6
7951,0,11,33
7952,0,229,177
7953,0,0,154
7954,1,1,625
7955,1,230,398
7956,53,1,481
7957,0,2,6
7958,0,0,242
7959,0,1,1
7960,0,1,280
7961,101,0,132
7962,1,3,6
7963,0,1,223
7964,0,0,1
7965,0,0,304
7966,538,0,623
7967,57,1,64
7968,0,0,260
7969,0,0,2
7970,2,236,474
7971,1085,1,692
7972,0,0,1
7973,2,1,15
7974,0,1,435
7975,2,1,67
7976,12,3,940
7977,0,4,584
7978,0,0,129
7979,0,0,212
7980,0,1,75
7981,1,305,1395
7982,3,1,7
7983,317,0,378
7984,2,2,892
7985,1,0,1
7986,4,0,1102
7987,468,6,1492
7988,0,0,347
7989,0,0,50
7990,0,0,33
7991,0,54,102
7992,0,1,628
7993,204,2,340
7994,4,2,32
7995,272,0,278
7996,0,1,784
7997,2,1,519
7998,155,0,262
7999,0,0,489
8000,0,0,0
8001,0,23,623
8002,0,0,558
8003,999,1,945
8004,0,0,336
8005,2,0,413
8006,2,0,3
8007,0,0,0
8008,4,0,43
8009,0,2,1257
8010,0,26,136
8011,0,0,40
8012,263,0,199
8013,12,0,32
8014,1,283,478
8015,2,1,720
8016,0,1,3
8017,0,0,262
8018,2,1,619
8019,0,0,1
8020,0,1,354
8021,0,1,446
8022,0,0,145
8023,2,0,530
8024,0,0,108
8025,4,0,62
8026,2,1,840
8027,269,0,879
8028,0,0,829
8029,1,0,9
8030,3,0,3
8031,0,570,667
8032,0,0,319
8033,72,0,113
8034,0,3,787
8035,0,0,3
8036,0,0,254
8037,1,1,663
8038,0,0,55
8039,0,0,125
8040,0,0,0
8041,0,2,442
8042,1,3,11
8043,0,1,475
8044,47,0,183
8045,0,1,301
8046,614,0,757
8047,0,0,3
8048,2,161,541
8049,1,1,473
8050,0,0,1
8051,0,0,81
8052,0,0,7
8053,0,1,377
8054,0,0,3
8055,0,0,1
8056,1,451,863
8057,0,0,236
8058,0,0,199
8059,2,27,172
8060,0,1,44
8061,11,1,89
8062,411,2,592
8063,0,1,1
8064,0,0,122
8065,1,0,7
8066,0,0,212
8067,0,0,10
8068,0,441,561
8069,0,1,382
8070,0,0,126
8071,0,0,100
8072,1138,0,746
8073,210,1,376
8074,0,1,249
8075,0,0,1
8076,0,0,112
8077,0,1,650
8078,0,1,403
8079,2,1,752
8080,0,1,535
8081,0,1,382
8082,2,0,33
8083,2,180,775
8084,119,0,148
8085,0,71,316
8086,0,1,3
8087,1870,3,1377
8088,2,141,572
8089,6,0,8
8090,1,1,1
8091,0,1,476
8092,9,0,62
8093,1,0,515
8094,2,3,341
8095,221,0,132
8096,0,0,32
8097,0,0,715
8098,0,0,2
8099,1,4,680
8100,2,3,511
8101,128,0,256
8102,1,2,3
8103,980,4,1349
8104,0,0,840
8105,2,0,988
8106,0,116,857
8107,0,0,1
8108,0,0,365
8109,1,0,629
8110,0,0,486
8111,186,0,231
8112,0,0,43
8113,1,3,550
8114,1,1,195
8115,2,0,1450
8116,0,0,152
8117,3,2,821
8118,0,3,5
8119,3,0,4
8120,2,1,317
8121,0,1,221
8122,0,0,1
8123,0,1,1
8124,0,0,394
8125,0,0,452
8126,0,1,1607
8127,0,2,18
8128,5,0,2
8129,0,54,282
8130,2,1,850
8131,0,0,469
8132,0,3,456
8133,0,196,598
8134,0,4,15
8135,0,0,601
8136,607,0,640
8137,1,1,534
8138,151,0,197
8139,0,111,222
8140,0,0,118
8141,0,2,355
8142,0,1,199
8143,2,0,422
8144,5,0,606
8145,0,0,447
8146,0,1,627
