cell	node	doublet
0	0	no
1	4	no
2	4	no
3	5	no
4	0	no
5	0	no
6	5	no
7	0	no
8	0	no
9	4	no
10	4	no
11	4	no
12	4	no
13	0	no
14	4	no
15	4	no
16	0	no
17	3	no
18	0	no
19	4	no
20	0	no
21	0	no
22	0	no
23	4	no
24	4	no
25	4	no
26	0	no
27	4	no
28	0	no
29	4	no
30	4	no
31	0	no
32	0	no
33	0	no
34	0	no
35	0	no
36	4	no
37	4	no
38	4	no
39	0	no
40	4	no
41	0	no
42	4	no
43	0	no
44	4	no
45	0	no
46	0	no
47	0	no
48	4	no
49	0	no
50	0	no
51	0	no
52	4	no
53	0	no
54	0	no
55	0	no
56	4	no
57	4	no
58	0	no
59	0	no
60	0	no
61	4	no
62	4	no
63	4	no
64	0	no
65	0	no
66	4	no
67	0	no
68	4	no
69	4	no
70	4	no
71	0	no
72	0	no
73	0	no
74	0	no
75	4	no
76	4	no
77	4	no
78	0	no
79	0	no
80	0	no
81	5	no
82	4	no
83	0	no
84	4	no
85	0	no
86	5	no
87	0	no
88	4	no
89	0	no
90	4	no
91	0	no
92	0	no
93	4	no
94	4	no
95	4	no
96	0	no
97	0	no
98	0	no
99	0	no
100	0	no
101	0	no
102	0	no
103	4	no
104	4	no
105	4	no
106	4	no
107	4	no
108	4	no
109	4	no
110	4	no
111	1	no
112	4	no
113	0	no
114	0	no
115	3	no
116	0	no
117	4	no
118	4	no
119	5	no
120	4	no
121	0	no
122	0	no
123	4	no
124	0	no
125	4	no
126	0	no
127	0	no
128	4	no
129	4	no
130	0	no
131	4	no
132	0	no
133	0	no
134	4	no
135	4	no
136	4	no
137	4	no
138	4	no
139	4	no
140	4	no
141	0	no
142	4	no
143	0	no
144	5	no
145	3	no
146	3	no
147	4	no
148	4	no
149	4	no
150	0	no
151	0	no
152	0	no
153	5	no
154	4	no
155	3	no
156	4	no
157	3	no
158	4	no
159	0	no
160	4	no
161	4	no
162	4	no
163	4	no
164	0	no
165	4	no
166	4	no
167	0	no
168	0	no
169	0	no
170	1	no
171	4	no
172	0	no
173	0	no
174	0	no
175	0	no
176	4	no
177	4	no
178	4	no
179	4	no
180	0	no
181	0	no
182	4	no
183	4	no
184	0	no
185	0	no
186	0	no
187	4	no
188	4	no
189	4	no
190	0	no
191	0	no
192	4	no
193	4	no
194	0	no
195	4	no
196	4	no
197	0	no
198	4	no
199	0	no
200	0	no
201	0	no
202	4	no
203	4	no
204	0	no
205	4	no
206	0	no
207	4	no
208	4	no
209	0	no
210	4	no
211	4	no
212	0	no
213	4	no
214	4	no
215	4	no
216	4	no
217	4	no
218	4	no
219	4	no
220	0	no
221	3	no
222	0	no
223	4	no
224	0	no
225	4	no
226	0	no
227	4	no
228	0	no
229	0	no
230	0	no
231	4	no
232	0	no
233	0	no
234	4	no
235	4	no
236	0	no
237	4	no
238	0	no
239	4	no
240	0	no
241	0	no
242	0	no
243	0	no
244	0	no
245	0	no
246	0	no
247	4	no
248	0	no
249	4	no
250	4	no
251	0	no
252	3	no
253	4	no
254	4	no
255	4	no
256	0	no
257	4	no
258	4	no
259	4	no
260	4	no
261	4	no
262	0	no
263	4	no
264	0	no
265	0	no
266	0	no
267	4	no
268	4	no
269	0	no
270	0	no
271	0	no
272	4	no
273	0	no
274	0	no
275	0	no
276	0	no
277	4	no
278	4	no
279	0	no
280	0	no
281	4	no
282	4	no
283	1	no
284	0	no
285	0	no
286	0	no
287	0	no
288	4	no
289	3	no
290	0	no
291	0	no
292	4	no
293	3	no
294	0	no
295	0	no
296	0	no
297	0	no
298	4	no
299	4	no
300	0	no
301	3	no
302	4	no
303	4	no
304	4	no
305	0	no
306	4	no
307	4	no
308	0	no
309	0	no
310	4	no
311	4	no
312	0	no
313	4	no
314	4	no
315	4	no
316	4	no
317	0	no
318	4	no
319	4	no
320	0	no
321	0	no
322	4	no
323	4	no
324	0	no
325	4	no
326	3	no
327	3	no
328	0	no
329	4	no
330	4	no
331	4	no
332	0	no
333	4	no
334	4	no
335	0	no
336	0	no
337	0	no
338	4	no
339	4	no
340	0	no
341	0	no
342	0	no
343	0	no
344	4	no
345	0	no
346	3	no
347	0	no
348	4	no
349	0	no
350	3	no
351	4	no
352	4	no
353	5	no
354	0	no
355	0	no
356	0	no
357	0	no
358	4	no
359	4	no
360	3	no
361	4	no
362	4	no
363	0	no
364	4	no
365	4	no
366	4	no
367	4	no
368	0	no
369	4	no
370	5	no
371	0	no
372	4	no
373	0	no
374	4	no
375	0	no
376	5	no
377	0	no
378	0	no
379	0	no
380	0	no
381	0	no
382	4	no
383	4	no
384	0	no
385	0	no
386	0	no
387	4	no
388	4	no
389	0	no
390	4	no
391	0	no
392	0	no
393	0	no
394	0	no
395	4	no
396	0	no
397	4	no
398	4	no
399	4	no
400	4	no
401	4	no
402	0	no
403	4	no
404	0	no
405	4	no
406	5	no
407	0	no
408	5	no
409	0	no
410	0	no
411	4	no
412	0	no
413	0	no
414	4	no
415	0	no
416	4	no
417	4	no
418	0	no
419	4	no
420	4	no
421	4	no
422	0	no
423	3	no
424	4	no
425	4	no
426	0	no
427	4	no
428	0	no
429	0	no
430	0	no
431	4	no
432	4	no
433	4	no
434	0	no
435	0	no
436	0	no
437	4	no
438	0	no
439	0	no
440	0	no
441	4	no
442	4	no
443	0	no
444	4	no
445	0	no
446	0	no
447	0	no
448	4	no
449	0	no
450	4	no
451	0	no
452	0	no
453	5	no
454	4	no
455	0	no
456	0	no
457	0	no
458	4	no
459	0	no
460	4	no
461	0	no
462	0	no
463	0	no
464	4	no
465	0	no
466	4	no
467	4	no
468	0	no
469	0	no
470	0	no
471	0	no
472	4	no
473	4	no
474	4	no
475	0	no
476	4	no
477	4	no
478	5	no
479	0	no
480	0	no
481	0	no
482	0	no
483	0	no
484	0	no
485	0	no
486	0	no
487	4	no
488	4	no
489	4	no
490	4	no
491	0	no
492	4	no
493	0	no
494	4	no
495	0	no
496	0	no
497	4	no
498	4	no
499	5	no
500	4	no
501	4	no
502	4	no
503	4	no
504	0	no
505	5	no
506	0	no
507	4	no
508	0	no
509	4	no
510	4	no
511	4	no
512	0	no
513	4	no
514	0	no
515	4	no
516	0	no
517	0	no
518	4	no
519	4	no
520	0	no
521	4	no
522	5	no
523	4	no
524	0	no
525	4	no
526	4	no
527	4	no
528	4	no
529	4	no
530	0	no
531	4	no
532	0	no
533	0	no
534	0	no
535	0	no
536	0	no
537	0	no
538	0	no
539	4	no
540	4	no
541	4	no
542	3	no
543	4	no
544	0	no
545	1	no
546	3	no
547	4	no
548	0	no
549	0	no
550	0	no
551	4	no
552	4	no
553	0	no
554	0	no
555	0	no
556	0	no
557	4	no
558	4	no
559	0	no
560	4	no
561	4	no
562	0	no
563	0	no
564	0	no
565	4	no
566	0	no
567	4	no
568	0	no
569	4	no
570	0	no
571	0	no
572	4	no
573	4	no
574	3	no
575	4	no
576	4	no
577	0	no
578	4	no
579	0	no
580	4	no
581	4	no
582	0	no
583	0	no
584	5	no
585	0	no
586	4	no
587	0	no
588	5	no
589	4	no
590	0	no
591	0	no
592	0	no
593	0	no
594	3	no
595	4	no
596	4	no
597	4	no
598	4	no
599	5	no
600	4	no
601	0	no
602	4	no
603	0	no
604	0	no
605	4	no
606	0	no
607	4	no
608	0	no
609	0	no
610	5	no
611	0	no
612	0	no
613	0	no
614	0	no
615	0	no
616	0	no
617	0	no
618	4	no
619	0	no
620	0	no
621	0	no
622	0	no
623	4	no
624	0	no
625	0	no
626	0	no
627	0	no
628	4	no
629	0	no
630	4	no
631	4	no
632	1	no
633	0	no
634	3	no
635	5	no
636	0	no
637	0	no
638	0	no
639	4	no
640	0	no
641	4	no
642	0	no
643	0	no
644	4	no
645	4	no
646	4	no
647	4	no
648	0	no
649	0	no
650	0	no
651	4	no
652	0	no
653	0	no
654	4	no
655	4	no
656	4	no
657	0	no
658	4	no
659	0	no
660	4	no
661	4	no
662	4	no
663	4	no
664	4	no
665	0	no
666	4	no
667	4	no
668	4	no
669	0	no
670	0	no
671	0	no
672	5	no
673	4	no
674	0	no
675	4	no
676	0	no
677	4	no
678	5	no
679	4	no
680	3	no
681	0	no
682	0	no
683	0	no
684	4	no
685	0	no
686	4	no
687	0	no
688	4	no
689	0	no
690	0	no
691	0	no
692	4	no
693	4	no
694	4	no
695	4	no
696	5	no
697	4	no
698	0	no
699	4	no
700	0	no
701	0	no
702	1	no
703	4	no
704	0	no
705	4	no
706	0	no
707	4	no
708	4	no
709	4	no
710	0	no
711	0	no
712	4	no
713	4	no
714	0	no
715	0	no
716	4	no
717	4	no
718	0	no
719	0	no
720	4	no
721	4	no
722	4	no
723	4	no
724	4	no
725	0	no
726	4	no
727	0	no
728	4	no
729	4	no
730	4	no
731	0	no
732	0	no
733	4	no
734	4	no
735	4	no
736	4	no
737	4	no
738	0	no
739	4	no
740	4	no
741	0	no
742	4	no
743	4	no
744	4	no
745	4	no
746	4	no
747	4	no
748	4	no
749	0	no
750	4	no
751	4	no
752	4	no
753	4	no
754	0	no
755	4	no
756	0	no
757	0	no
758	1	no
759	4	no
760	4	no
761	4	no
762	0	no
763	4	no
764	0	no
765	4	no
766	4	no
767	1	no
768	0	no
769	4	no
770	4	no
771	0	no
772	0	no
773	4	no
774	0	no
775	4	no
776	0	no
777	0	no
778	4	no
779	4	no
780	4	no
781	4	no
782	0	no
783	3	no
784	4	no
785	5	no
786	4	no
787	0	no
788	4	no
789	0	no
790	5	no
791	0	no
792	0	no
793	0	no
794	0	no
795	4	no
796	4	no
797	0	no
798	0	no
799	0	no
800	4	no
801	4	no
802	0	no
803	2	no
804	0	no
805	0	no
806	0	no
807	4	no
808	4	no
809	4	no
810	4	no
811	0	no
812	4	no
813	4	no
814	4	no
815	4	no
816	0	no
817	4	no
818	0	no
819	3	no
820	4	no
821	0	no
822	3	no
823	0	no
824	0	no
825	4	no
826	4	no
827	4	no
828	4	no
829	4	no
830	4	no
831	4	no
832	4	no
833	4	no
834	4	no
835	0	no
836	4	no
837	0	no
838	5	no
839	4	no
840	0	no
841	3	no
842	4	no
843	4	no
844	4	no
845	4	no
846	4	no
847	0	no
848	0	no
849	0	no
850	5	no
851	4	no
852	4	no
853	4	no
854	0	no
855	4	no
856	0	no
857	4	no
858	0	no
859	3	no
860	0	no
861	0	no
862	0	no
863	0	no
864	0	no
865	0	no
866	0	no
867	0	no
868	0	no
869	0	no
870	0	no
871	0	no
872	0	no
873	0	no
874	4	no
875	4	no
876	4	no
877	4	no
878	0	no
879	4	no
880	0	no
881	0	no
882	4	no
883	0	no
884	4	no
885	0	no
886	0	no
887	4	no
888	4	no
889	4	no
890	0	no
891	0	no
892	4	no
893	3	no
894	4	no
895	0	no
896	4	no
897	4	no
898	4	no
899	4	no
900	4	no
901	0	no
902	4	no
903	4	no
904	0	no
905	4	no
906	0	no
907	0	no
908	4	no
909	4	no
910	4	no
911	5	no
912	0	no
913	4	no
914	4	no
915	0	no
916	0	no
917	4	no
918	4	no
919	4	no
920	0	no
921	0	no
922	0	no
923	0	no
924	4	no
925	0	no
926	0	no
927	4	no
928	0	no
929	4	no
930	4	no
931	0	no
932	4	no
933	0	no
934	0	no
935	4	no
936	0	no
937	4	no
938	4	no
939	1	no
940	4	no
941	0	no
942	0	no
943	4	no
944	0	no
945	4	no
946	0	no
947	4	no
948	4	no
949	3	no
950	4	no
951	4	no
952	4	no
953	4	no
954	4	no
955	0	no
956	0	no
957	0	no
958	0	no
959	4	no
960	4	no
961	4	no
962	4	no
963	0	no
964	0	no
965	0	no
966	0	no
967	4	no
968	4	no
969	4	no
970	0	no
971	0	no
972	0	no
973	0	no
974	0	no
975	4	no
976	0	no
977	4	no
978	0	no
979	4	no
980	0	no
981	4	no
982	4	no
983	4	no
984	3	no
985	4	no
986	3	no
987	4	no
988	4	no
989	0	no
990	0	no
991	0	no
992	0	no
993	0	no
994	4	no
995	0	no
996	0	no
997	4	no
998	0	no
999	2	no
1000	0	no
1001	0	no
1002	0	no
1003	4	no
1004	0	no
1005	4	no
1006	4	no
1007	0	no
1008	4	no
1009	0	no
1010	4	no
1011	4	no
1012	0	no
1013	4	no
1014	4	no
1015	4	no
1016	0	no
1017	0	no
1018	0	no
1019	4	no
1020	0	no
1021	4	no
1022	3	no
1023	1	no
1024	4	no
1025	5	no
1026	4	no
1027	4	no
1028	4	no
1029	4	no
1030	4	no
1031	0	no
1032	3	no
1033	0	no
1034	0	no
1035	0	no
1036	4	no
1037	4	no
1038	0	no
1039	0	no
1040	4	no
1041	0	no
1042	0	no
1043	4	no
1044	3	no
1045	4	no
1046	4	no
1047	4	no
1048	0	no
1049	4	no
1050	0	no
1051	4	no
1052	0	no
1053	0	no
1054	4	no
1055	4	no
1056	0	no
1057	4	no
1058	4	no
1059	5	no
1060	5	no
1061	4	no
1062	4	no
1063	1	no
1064	4	no
1065	0	no
1066	0	no
1067	3	no
1068	0	no
1069	0	no
1070	4	no
1071	4	no
1072	0	no
1073	4	no
1074	3	no
1075	4	no
1076	0	no
1077	4	no
1078	4	no
1079	0	no
1080	4	no
1081	4	no
1082	0	no
1083	4	no
1084	4	no
1085	4	no
1086	4	no
1087	0	no
1088	0	no
1089	4	no
1090	4	no
1091	1	no
1092	4	no
1093	0	no
1094	4	no
1095	0	no
1096	4	no
1097	0	no
1098	0	no
1099	4	no
1100	0	no
1101	0	no
1102	5	no
1103	1	no
1104	0	no
1105	0	no
1106	0	no
1107	4	no
1108	0	no
1109	0	no
1110	0	no
1111	0	no
1112	4	no
1113	0	no
1114	4	no
1115	4	no
1116	0	no
1117	4	no
1118	4	no
1119	0	no
1120	0	no
1121	0	no
1122	0	no
1123	4	no
1124	4	no
1125	4	no
1126	0	no
1127	4	no
1128	0	no
1129	4	no
1130	4	no
1131	4	no
1132	0	no
1133	0	no
1134	4	no
1135	4	no
1136	4	no
1137	4	no
1138	4	no
1139	0	no
1140	0	no
1141	4	no
1142	0	no
1143	0	no
1144	4	no
1145	0	no
1146	0	no
1147	4	no
1148	3	no
1149	0	no
1150	0	no
1151	0	no
1152	0	no
1153	0	no
1154	0	no
1155	0	no
1156	4	no
1157	0	no
1158	4	no
1159	0	no
1160	0	no
1161	0	no
1162	4	no
1163	0	no
1164	0	no
1165	3	no
1166	0	no
1167	0	no
1168	0	no
1169	0	no
1170	4	no
1171	0	no
1172	4	no
1173	0	no
1174	0	no
1175	3	no
1176	0	no
1177	4	no
1178	4	no
1179	0	no
1180	3	no
1181	4	no
1182	0	no
1183	5	no
1184	4	no
1185	0	no
1186	3	no
1187	5	no
1188	4	no
1189	4	no
1190	4	no
1191	0	no
1192	0	no
1193	4	no
1194	4	no
1195	0	no
1196	4	no
1197	4	no
1198	3	no
1199	3	no
1200	0	no
1201	0	no
1202	4	no
1203	5	no
1204	0	no
1205	0	no
1206	0	no
1207	0	no
1208	4	no
1209	3	no
1210	0	no
1211	4	no
1212	4	no
1213	3	no
1214	4	no
1215	0	no
1216	0	no
1217	4	no
1218	3	no
1219	4	no
1220	0	no
1221	0	no
1222	2	no
1223	0	no
1224	0	no
1225	4	no
1226	4	no
1227	3	no
1228	4	no
1229	4	no
1230	4	no
1231	4	no
1232	4	no
1233	0	no
1234	0	no
1235	0	no
1236	0	no
1237	4	no
1238	0	no
1239	5	no
1240	4	no
1241	4	no
1242	4	no
1243	4	no
1244	5	no
1245	0	no
1246	4	no
1247	4	no
1248	0	no
1249	4	no
1250	4	no
1251	0	no
1252	4	no
1253	0	no
1254	4	no
1255	0	no
1256	0	no
1257	4	no
1258	4	no
1259	4	no
1260	4	no
1261	4	no
1262	0	no
1263	0	no
1264	2	no
1265	4	no
1266	0	no
1267	4	no
1268	4	no
1269	4	no
1270	4	no
1271	4	no
1272	0	no
1273	0	no
1274	0	no
1275	0	no
1276	4	no
1277	0	no
1278	0	no
1279	4	no
1280	4	no
1281	0	no
1282	5	no
1283	0	no
1284	4	no
1285	1	no
1286	0	no
1287	0	no
1288	4	no
1289	4	no
1290	0	no
1291	0	no
1292	4	no
1293	0	no
1294	4	no
1295	0	no
1296	0	no
1297	4	no
1298	4	no
1299	0	no
1300	0	no
1301	0	no
1302	1	no
1303	4	no
1304	4	no
1305	4	no
1306	0	no
1307	4	no
1308	0	no
1309	3	no
1310	0	no
1311	0	no
1312	0	no
1313	4	no
1314	0	no
1315	5	no
1316	0	no
1317	4	no
1318	4	no
1319	4	no
1320	0	no
1321	0	no
1322	3	no
1323	0	no
1324	3	no
1325	0	no
1326	0	no
1327	0	no
1328	0	no
1329	0	no
1330	0	no
1331	0	no
1332	0	no
1333	4	no
1334	4	no
1335	5	no
1336	0	no
1337	0	no
1338	4	no
1339	0	no
1340	0	no
1341	4	no
1342	4	no
1343	4	no
1344	0	no
1345	4	no
1346	0	no
1347	0	no
1348	0	no
1349	4	no
1350	0	no
1351	4	no
1352	0	no
1353	0	no
1354	4	no
1355	4	no
1356	4	no
1357	0	no
1358	4	no
1359	0	no
1360	5	no
1361	4	no
1362	4	no
1363	4	no
1364	4	no
1365	0	no
1366	4	no
1367	4	no
1368	4	no
1369	4	no
1370	3	no
1371	3	no
1372	4	no
1373	0	no
1374	4	no
1375	4	no
1376	4	no
1377	4	no
1378	4	no
1379	0	no
1380	0	no
1381	4	no
1382	0	no
1383	0	no
1384	0	no
1385	4	no
1386	4	no
1387	4	no
1388	0	no
1389	5	no
1390	0	no
1391	4	no
1392	4	no
1393	0	no
1394	0	no
1395	2	no
1396	5	no
1397	4	no
1398	4	no
1399	3	no
1400	4	no
1401	0	no
1402	4	no
1403	4	no
1404	4	no
1405	1	no
1406	3	no
1407	4	no
1408	0	no
1409	0	no
1410	4	no
1411	4	no
1412	0	no
1413	4	no
1414	4	no
1415	4	no
1416	0	no
1417	4	no
1418	0	no
1419	4	no
1420	0	no
1421	4	no
1422	0	no
1423	5	no
1424	4	no
1425	0	no
1426	4	no
1427	0	no
1428	0	no
1429	0	no
1430	0	no
1431	4	no
1432	4	no
1433	4	no
1434	4	no
1435	4	no
1436	0	no
1437	0	no
1438	0	no
1439	0	no
1440	0	no
1441	0	no
1442	4	no
1443	0	no
1444	4	no
1445	4	no
1446	4	no
1447	4	no
1448	5	no
1449	0	no
1450	4	no
1451	0	no
1452	0	no
1453	0	no
1454	0	no
1455	4	no
1456	4	no
1457	5	no
1458	4	no
1459	0	no
1460	0	no
1461	4	no
1462	0	no
1463	4	no
1464	4	no
1465	4	no
1466	0	no
1467	4	no
1468	0	no
1469	0	no
1470	4	no
1471	4	no
1472	4	no
1473	4	no
1474	0	no
1475	0	no
1476	0	no
1477	0	no
1478	0	no
1479	4	no
1480	4	no
1481	0	no
1482	0	no
1483	0	no
1484	0	no
1485	0	no
1486	4	no
1487	4	no
1488	0	no
1489	0	no
1490	4	no
1491	0	no
1492	4	no
1493	0	no
1494	4	no
1495	5	no
1496	0	no
1497	4	no
1498	3	no
1499	0	no
1500	0	no
1501	0	no
1502	0	no
1503	0	no
1504	0	no
1505	4	no
1506	4	no
1507	4	no
1508	4	no
1509	0	no
1510	0	no
1511	0	no
1512	0	no
1513	4	no
1514	0	no
1515	0	no
1516	4	no
1517	4	no
1518	4	no
1519	0	no
1520	4	no
1521	4	no
1522	4	no
1523	0	no
1524	0	no
1525	0	no
1526	5	no
1527	4	no
1528	0	no
1529	0	no
1530	4	no
1531	4	no
1532	3	no
1533	0	no
1534	0	no
1535	0	no
1536	4	no
1537	4	no
1538	0	no
1539	0	no
1540	4	no
1541	4	no
1542	4	no
1543	0	no
1544	4	no
1545	4	no
1546	1	no
1547	4	no
1548	4	no
1549	0	no
1550	4	no
1551	4	no
1552	0	no
1553	0	no
1554	0	no
1555	3	no
1556	4	no
1557	0	no
1558	0	no
1559	0	no
1560	0	no
1561	4	no
1562	4	no
1563	4	no
1564	4	no
1565	4	no
1566	0	no
1567	4	no
1568	4	no
1569	4	no
1570	4	no
1571	4	no
1572	0	no
1573	0	no
1574	4	no
1575	0	no
1576	4	no
1577	0	no
1578	4	no
1579	0	no
1580	0	no
1581	4	no
1582	4	no
1583	0	no
1584	4	no
1585	0	no
1586	4	no
1587	0	no
1588	4	no
1589	0	no
1590	0	no
1591	4	no
1592	0	no
1593	4	no
1594	0	no
1595	4	no
1596	3	no
1597	4	no
1598	0	no
1599	0	no
1600	0	no
1601	0	no
1602	5	no
1603	0	no
1604	0	no
1605	3	no
1606	4	no
1607	4	no
1608	4	no
1609	0	no
1610	0	no
1611	0	no
1612	0	no
1613	4	no
1614	4	no
1615	0	no
1616	4	no
1617	0	no
1618	0	no
1619	0	no
1620	4	no
1621	4	no
1622	4	no
1623	4	no
1624	4	no
1625	4	no
1626	4	no
1627	4	no
1628	4	no
1629	3	no
1630	0	no
1631	0	no
1632	0	no
1633	0	no
1634	0	no
1635	4	no
1636	0	no
1637	5	no
1638	4	no
1639	0	no
1640	0	no
1641	4	no
1642	3	no
1643	0	no
1644	4	no
1645	4	no
1646	0	no
1647	4	no
1648	4	no
1649	0	no
1650	2	no
1651	4	no
1652	4	no
1653	0	no
1654	0	no
1655	4	no
1656	0	no
1657	1	no
1658	0	no
1659	0	no
1660	4	no
1661	4	no
1662	4	no
1663	0	no
1664	4	no
1665	4	no
1666	4	no
1667	4	no
1668	4	no
1669	0	no
1670	4	no
1671	4	no
1672	3	no
1673	0	no
1674	0	no
1675	4	no
1676	0	no
1677	0	no
1678	4	no
1679	4	no
1680	0	no
1681	5	no
1682	0	no
1683	0	no
1684	0	no
1685	4	no
1686	0	no
1687	4	no
1688	3	no
1689	4	no
1690	4	no
1691	4	no
1692	0	no
1693	0	no
1694	0	no
1695	4	no
1696	4	no
1697	0	no
1698	0	no
1699	4	no
1700	4	no
1701	0	no
1702	4	no
1703	4	no
1704	0	no
1705	4	no
1706	0	no
1707	0	no
1708	0	no
1709	0	no
1710	0	no
1711	4	no
1712	0	no
1713	4	no
1714	0	no
1715	4	no
1716	0	no
1717	0	no
1718	0	no
1719	0	no
1720	4	no
1721	4	no
1722	2	no
1723	4	no
1724	4	no
1725	4	no
1726	4	no
1727	4	no
1728	4	no
1729	4	no
1730	3	no
1731	0	no
1732	4	no
1733	4	no
1734	5	no
1735	4	no
1736	0	no
1737	0	no
1738	4	no
1739	0	no
1740	4	no
1741	0	no
1742	0	no
1743	4	no
1744	4	no
1745	0	no
1746	4	no
1747	4	no
1748	4	no
1749	4	no
1750	4	no
1751	4	no
1752	4	no
1753	4	no
1754	0	no
1755	5	no
1756	0	no
1757	4	no
1758	0	no
1759	4	no
1760	0	no
1761	4	no
1762	0	no
1763	4	no
1764	4	no
1765	4	no
1766	4	no
1767	0	no
1768	4	no
1769	4	no
1770	3	no
1771	0	no
1772	4	no
1773	4	no
1774	0	no
1775	4	no
1776	4	no
1777	4	no
1778	0	no
1779	0	no
1780	0	no
1781	0	no
1782	4	no
1783	4	no
1784	0	no
1785	4	no
1786	4	no
1787	0	no
1788	0	no
1789	4	no
1790	0	no
1791	0	no
1792	4	no
1793	4	no
1794	4	no
1795	0	no
1796	4	no
1797	4	no
1798	0	no
1799	4	no
1800	4	no
1801	4	no
1802	0	no
1803	0	no
1804	0	no
1805	0	no
1806	4	no
1807	0	no
1808	0	no
1809	4	no
1810	0	no
1811	0	no
1812	0	no
1813	4	no
1814	0	no
1815	4	no
1816	4	no
1817	4	no
1818	4	no
1819	4	no
1820	0	no
1821	4	no
1822	4	no
1823	4	no
1824	0	no
1825	4	no
1826	0	no
1827	0	no
1828	3	no
1829	4	no
1830	4	no
1831	4	no
1832	0	no
1833	4	no
1834	0	no
1835	0	no
1836	4	no
1837	3	no
1838	0	no
1839	4	no
1840	0	no
1841	4	no
1842	5	no
1843	0	no
1844	0	no
1845	4	no
1846	4	no
1847	0	no
1848	4	no
1849	0	no
1850	4	no
1851	4	no
1852	0	no
1853	0	no
1854	0	no
1855	0	no
1856	4	no
1857	4	no
1858	4	no
1859	4	no
1860	4	no
1861	0	no
1862	5	no
1863	5	no
1864	4	no
1865	4	no
1866	4	no
1867	4	no
1868	4	no
1869	4	no
1870	0	no
1871	0	no
1872	4	no
1873	4	no
1874	5	no
1875	4	no
1876	2	no
1877	4	no
1878	4	no
1879	4	no
1880	4	no
1881	0	no
1882	4	no
1883	4	no
1884	0	no
1885	4	no
1886	0	no
1887	0	no
1888	0	no
1889	4	no
1890	4	no
1891	4	no
1892	0	no
1893	0	no
1894	4	no
1895	0	no
1896	0	no
1897	4	no
1898	0	no
1899	0	no
1900	0	no
1901	0	no
1902	3	no
1903	0	no
1904	4	no
1905	4	no
1906	0	no
1907	0	no
1908	0	no
1909	4	no
1910	0	no
1911	4	no
1912	3	no
1913	4	no
1914	0	no
1915	3	no
1916	4	no
1917	0	no
1918	0	no
1919	0	no
1920	0	no
1921	0	no
1922	4	no
1923	5	no
1924	0	no
1925	0	no
1926	0	no
1927	4	no
1928	0	no
1929	0	no
1930	0	no
1931	4	no
1932	0	no
1933	4	no
1934	5	no
1935	4	no
1936	4	no
1937	0	no
1938	4	no
1939	4	no
1940	4	no
1941	0	no
1942	0	no
1943	4	no
1944	0	no
1945	0	no
1946	0	no
1947	4	no
1948	0	no
1949	4	no
1950	0	no
1951	4	no
1952	4	no
1953	0	no
1954	3	no
1955	5	no
1956	4	no
1957	4	no
1958	4	no
1959	0	no
1960	4	no
1961	4	no
1962	0	no
1963	0	no
1964	4	no
1965	0	no
1966	0	no
1967	4	no
1968	0	no
1969	0	no
1970	0	no
1971	5	no
1972	4	no
1973	0	no
1974	4	no
1975	0	no
1976	0	no
1977	4	no
1978	0	no
1979	0	no
1980	4	no
1981	0	no
1982	4	no
1983	0	no
1984	4	no
1985	4	no
1986	4	no
1987	4	no
1988	0	no
1989	4	no
1990	4	no
1991	4	no
1992	4	no
1993	0	no
1994	0	no
1995	0	no
1996	4	no
1997	4	no
1998	0	no
1999	0	no
2000	5	no
2001	4	no
2002	4	no
2003	5	no
2004	0	no
2005	0	no
2006	0	no
2007	4	no
2008	0	no
2009	0	no
2010	4	no
2011	0	no
2012	3	no
2013	0	no
2014	4	no
2015	4	no
2016	4	no
2017	5	no
2018	0	no
2019	4	no
2020	4	no
2021	0	no
2022	4	no
2023	0	no
2024	4	no
2025	0	no
2026	4	no
2027	4	no
2028	0	no
2029	0	no
2030	4	no
2031	0	no
2032	0	no
2033	4	no
2034	4	no
2035	0	no
2036	0	no
2037	4	no
2038	0	no
2039	4	no
2040	4	no
2041	4	no
2042	4	no
2043	0	no
2044	0	no
2045	4	no
2046	4	no
2047	0	no
2048	0	no
2049	4	no
2050	0	no
2051	0	no
2052	4	no
2053	4	no
2054	5	no
2055	4	no
2056	0	no
2057	4	no
2058	0	no
2059	4	no
2060	4	no
2061	4	no
2062	4	no
2063	4	no
2064	4	no
2065	4	no
2066	0	no
2067	0	no
2068	4	no
2069	0	no
2070	0	no
2071	4	no
2072	0	no
2073	0	no
2074	4	no
2075	4	no
2076	0	no
2077	0	no
2078	0	no
2079	4	no
2080	4	no
2081	4	no
2082	4	no
2083	0	no
2084	0	no
2085	3	no
2086	0	no
2087	0	no
2088	0	no
2089	4	no
2090	4	no
2091	0	no
2092	4	no
2093	0	no
2094	0	no
2095	0	no
2096	0	no
2097	3	no
2098	4	no
2099	4	no
2100	0	no
2101	1	no
2102	0	no
2103	4	no
2104	0	no
2105	0	no
2106	0	no
2107	0	no
2108	4	no
2109	4	no
2110	4	no
2111	0	no
2112	4	no
2113	3	no
2114	0	no
2115	4	no
2116	3	no
2117	0	no
2118	0	no
2119	4	no
2120	4	no
2121	0	no
2122	3	no
2123	0	no
2124	4	no
2125	4	no
2126	4	no
2127	1	no
2128	0	no
2129	0	no
2130	4	no
2131	0	no
2132	0	no
2133	4	no
2134	4	no
2135	1	no
2136	0	no
2137	4	no
2138	0	no
2139	0	no
2140	4	no
2141	4	no
2142	0	no
2143	0	no
2144	4	no
2145	0	no
2146	4	no
2147	4	no
2148	4	no
2149	4	no
2150	4	no
2151	4	no
2152	0	no
2153	0	no
2154	0	no
2155	0	no
2156	0	no
2157	4	no
2158	0	no
2159	0	no
2160	0	no
2161	4	no
2162	4	no
2163	4	no
2164	0	no
2165	0	no
2166	0	no
2167	4	no
2168	4	no
2169	4	no
2170	4	no
2171	4	no
2172	0	no
2173	0	no
2174	4	no
2175	4	no
2176	4	no
2177	4	no
2178	5	no
2179	0	no
2180	4	no
2181	0	no
2182	4	no
2183	4	no
2184	4	no
2185	5	no
2186	0	no
2187	0	no
2188	0	no
2189	0	no
2190	0	no
2191	4	no
2192	4	no
2193	0	no
2194	4	no
2195	0	no
2196	0	no
2197	4	no
2198	4	no
2199	0	no
2200	0	no
2201	4	no
2202	0	no
2203	4	no
2204	4	no
2205	4	no
2206	0	no
2207	4	no
2208	5	no
2209	0	no
2210	0	no
2211	4	no
2212	3	no
2213	0	no
2214	5	no
2215	4	no
2216	0	no
2217	0	no
2218	0	no
2219	4	no
2220	0	no
2221	0	no
2222	0	no
2223	4	no
2224	0	no
2225	0	no
2226	0	no
2227	4	no
2228	5	no
2229	5	no
2230	4	no
2231	4	no
2232	4	no
2233	0	no
2234	5	no
2235	0	no
2236	0	no
2237	0	no
2238	4	no
2239	0	no
2240	0	no
2241	0	no
2242	4	no
2243	0	no
2244	0	no
2245	4	no
2246	4	no
2247	4	no
2248	4	no
2249	4	no
2250	4	no
2251	4	no
2252	4	no
2253	4	no
2254	0	no
2255	0	no
2256	0	no
2257	0	no
2258	0	no
2259	4	no
2260	4	no
2261	4	no
2262	0	no
2263	0	no
2264	4	no
2265	0	no
2266	4	no
2267	4	no
2268	0	no
2269	0	no
2270	5	no
2271	2	no
2272	4	no
2273	4	no
2274	4	no
2275	4	no
2276	0	no
2277	0	no
2278	4	no
2279	0	no
2280	3	no
2281	0	no
2282	4	no
2283	0	no
2284	0	no
2285	4	no
2286	4	no
2287	4	no
2288	0	no
2289	0	no
2290	4	no
2291	4	no
2292	4	no
2293	0	no
2294	4	no
2295	0	no
2296	0	no
2297	4	no
2298	4	no
2299	0	no
2300	4	no
2301	0	no
2302	0	no
2303	4	no
2304	4	no
2305	4	no
2306	0	no
2307	4	no
2308	4	no
2309	0	no
2310	4	no
2311	4	no
2312	4	no
2313	0	no
2314	0	no
2315	0	no
2316	0	no
2317	0	no
2318	0	no
2319	0	no
2320	0	no
2321	3	no
2322	0	no
2323	4	no
2324	4	no
2325	4	no
2326	0	no
2327	0	no
2328	0	no
2329	0	no
2330	4	no
2331	4	no
2332	3	no
2333	2	no
2334	4	no
2335	4	no
2336	0	no
2337	0	no
2338	4	no
2339	0	no
2340	0	no
2341	4	no
2342	4	no
2343	4	no
2344	4	no
2345	4	no
2346	4	no
2347	5	no
2348	0	no
2349	0	no
2350	0	no
2351	0	no
2352	4	no
2353	0	no
2354	4	no
2355	0	no
2356	0	no
2357	4	no
2358	4	no
2359	4	no
2360	4	no
2361	4	no
2362	0	no
2363	4	no
2364	4	no
2365	4	no
2366	4	no
2367	4	no
2368	0	no
2369	3	no
2370	0	no
2371	0	no
2372	0	no
2373	4	no
2374	0	no
2375	4	no
2376	4	no
2377	0	no
2378	0	no
2379	0	no
2380	0	no
2381	0	no
2382	4	no
2383	4	no
2384	0	no
2385	0	no
2386	0	no
2387	4	no
2388	0	no
2389	4	no
2390	4	no
2391	3	no
2392	0	no
2393	4	no
2394	0	no
2395	4	no
2396	4	no
2397	4	no
2398	0	no
2399	4	no
2400	5	no
2401	0	no
2402	0	no
2403	4	no
2404	4	no
2405	4	no
2406	3	no
2407	1	no
2408	0	no
2409	0	no
2410	0	no
2411	0	no
2412	4	no
2413	4	no
2414	4	no
2415	4	no
2416	0	no
2417	4	no
2418	0	no
2419	4	no
2420	0	no
2421	0	no
2422	4	no
2423	4	no
2424	4	no
2425	0	no
2426	0	no
2427	4	no
2428	4	no
2429	0	no
2430	0	no
2431	4	no
2432	0	no
2433	4	no
2434	0	no
2435	4	no
2436	0	no
2437	0	no
2438	4	no
2439	4	no
2440	0	no
2441	4	no
2442	4	no
2443	3	no
2444	4	no
2445	4	no
2446	4	no
2447	5	no
2448	0	no
2449	0	no
2450	5	no
2451	4	no
2452	4	no
2453	0	no
2454	0	no
2455	0	no
2456	4	no
2457	0	no
2458	0	no
2459	0	no
2460	3	no
2461	4	no
2462	0	no
2463	0	no
2464	0	no
2465	4	no
2466	0	no
2467	1	no
2468	4	no
2469	0	no
2470	4	no
2471	0	no
2472	4	no
2473	4	no
2474	4	no
2475	4	no
2476	4	no
2477	5	no
2478	4	no
2479	0	no
2480	0	no
2481	4	no
2482	4	no
2483	4	no
2484	4	no
2485	0	no
2486	4	no
2487	4	no
2488	4	no
2489	4	no
2490	0	no
2491	1	no
2492	0	no
2493	0	no
2494	4	no
2495	0	no
2496	4	no
2497	4	no
2498	0	no
2499	4	no
2500	0	no
2501	0	no
2502	0	no
2503	4	no
2504	4	no
2505	4	no
2506	0	no
2507	5	no
2508	0	no
2509	4	no
2510	4	no
2511	4	no
2512	4	no
2513	5	no
2514	4	no
2515	4	no
2516	5	no
2517	0	no
2518	4	no
2519	4	no
2520	4	no
2521	0	no
2522	3	no
2523	4	no
2524	4	no
2525	4	no
2526	4	no
2527	4	no
2528	0	no
2529	0	no
2530	4	no
2531	0	no
2532	4	no
2533	4	no
2534	0	no
2535	0	no
2536	4	no
2537	0	no
2538	3	no
2539	4	no
2540	4	no
2541	0	no
2542	0	no
2543	4	no
2544	4	no
2545	0	no
2546	4	no
2547	4	no
2548	4	no
2549	4	no
2550	0	no
2551	4	no
2552	0	no
2553	0	no
2554	0	no
2555	0	no
2556	4	no
2557	0	no
2558	4	no
2559	0	no
2560	0	no
2561	4	no
2562	5	no
2563	4	no
2564	0	no
2565	5	no
2566	0	no
2567	3	no
2568	4	no
2569	0	no
2570	4	no
2571	0	no
2572	0	no
2573	4	no
2574	0	no
2575	4	no
2576	0	no
2577	4	no
2578	4	no
2579	5	no
2580	0	no
2581	4	no
2582	0	no
2583	4	no
2584	5	no
2585	3	no
2586	4	no
2587	4	no
2588	4	no
2589	4	no
2590	4	no
2591	0	no
2592	4	no
2593	4	no
2594	4	no
2595	4	no
2596	4	no
2597	4	no
2598	0	no
2599	4	no
2600	4	no
2601	4	no
2602	0	no
2603	4	no
2604	0	no
2605	3	no
2606	0	no
2607	0	no
2608	4	no
2609	4	no
2610	0	no
2611	0	no
2612	4	no
2613	4	no
2614	0	no
2615	0	no
2616	0	no
2617	0	no
2618	0	no
2619	4	no
2620	4	no
2621	3	no
2622	4	no
2623	5	no
2624	4	no
2625	0	no
2626	0	no
2627	0	no
2628	0	no
2629	0	no
2630	0	no
2631	4	no
2632	4	no
2633	0	no
2634	0	no
2635	4	no
2636	4	no
2637	0	no
2638	0	no
2639	4	no
2640	0	no
2641	0	no
2642	4	no
2643	0	no
2644	0	no
2645	0	no
2646	0	no
2647	0	no
2648	0	no
2649	4	no
2650	4	no
2651	4	no
2652	0	no
2653	0	no
2654	5	no
2655	4	no
2656	0	no
2657	0	no
2658	0	no
2659	4	no
2660	4	no
2661	0	no
2662	0	no
2663	0	no
2664	0	no
2665	4	no
2666	5	no
2667	0	no
2668	4	no
2669	0	no
2670	4	no
2671	0	no
2672	3	no
2673	4	no
2674	0	no
2675	4	no
2676	0	no
2677	4	no
2678	0	no
2679	0	no
2680	0	no
2681	0	no
2682	4	no
2683	0	no
2684	4	no
2685	4	no
2686	4	no
2687	0	no
2688	0	no
2689	0	no
2690	4	no
2691	0	no
2692	0	no
2693	0	no
2694	0	no
2695	0	no
2696	0	no
2697	4	no
2698	0	no
2699	4	no
2700	4	no
2701	0	no
2702	4	no
2703	0	no
2704	3	no
2705	4	no
2706	4	no
2707	0	no
2708	0	no
2709	0	no
2710	0	no
2711	0	no
2712	5	no
2713	4	no
2714	0	no
2715	0	no
2716	4	no
2717	4	no
2718	0	no
2719	5	no
2720	0	no
2721	4	no
2722	4	no
2723	0	no
2724	5	no
2725	4	no
2726	4	no
2727	4	no
2728	4	no
2729	0	no
2730	0	no
2731	4	no
2732	3	no
2733	4	no
2734	4	no
2735	4	no
2736	0	no
2737	4	no
2738	0	no
2739	4	no
2740	0	no
2741	4	no
2742	0	no
2743	4	no
2744	4	no
2745	4	no
2746	4	no
2747	0	no
2748	4	no
2749	0	no
2750	0	no
2751	4	no
2752	0	no
2753	0	no
2754	0	no
2755	5	no
2756	0	no
2757	0	no
2758	0	no
2759	0	no
2760	4	no
2761	0	no
2762	4	no
2763	0	no
2764	4	no
2765	4	no
2766	0	no
2767	0	no
2768	4	no
2769	1	no
2770	0	no
2771	0	no
2772	2	no
2773	4	no
2774	0	no
2775	4	no
2776	4	no
2777	0	no
2778	0	no
2779	0	no
2780	0	no
2781	0	no
2782	4	no
2783	0	no
2784	5	no
2785	4	no
2786	0	no
2787	0	no
2788	0	no
2789	4	no
2790	4	no
2791	0	no
2792	0	no
2793	4	no
2794	0	no
2795	0	no
2796	4	no
2797	4	no
2798	3	no
2799	0	no
2800	4	no
2801	0	no
2802	4	no
2803	4	no
2804	4	no
2805	0	no
2806	4	no
2807	3	no
2808	4	no
2809	0	no
2810	4	no
2811	4	no
2812	4	no
2813	4	no
2814	0	no
2815	5	no
2816	4	no
2817	4	no
2818	4	no
2819	0	no
2820	5	no
2821	4	no
2822	4	no
2823	4	no
2824	4	no
2825	4	no
2826	4	no
2827	0	no
2828	4	no
2829	0	no
2830	4	no
2831	0	no
2832	4	no
2833	0	no
2834	4	no
2835	4	no
2836	3	no
2837	4	no
2838	4	no
2839	0	no
2840	0	no
2841	0	no
2842	4	no
2843	0	no
2844	0	no
2845	1	no
2846	0	no
2847	0	no
2848	0	no
2849	0	no
2850	3	no
2851	4	no
2852	4	no
2853	0	no
2854	0	no
2855	0	no
2856	4	no
2857	4	no
2858	0	no
2859	4	no
2860	0	no
2861	4	no
2862	4	no
2863	4	no
2864	4	no
2865	0	no
2866	4	no
2867	4	no
2868	0	no
2869	4	no
2870	0	no
2871	0	no
2872	0	no
2873	0	no
2874	4	no
2875	1	no
2876	0	no
2877	0	no
2878	4	no
2879	3	no
2880	0	no
2881	4	no
2882	0	no
2883	0	no
2884	4	no
2885	0	no
2886	4	no
2887	4	no
2888	0	no
2889	4	no
2890	4	no
2891	0	no
2892	4	no
2893	4	no
2894	0	no
2895	0	no
2896	5	no
2897	4	no
2898	1	no
2899	0	no
2900	4	no
2901	4	no
2902	1	no
2903	0	no
2904	0	no
2905	4	no
2906	4	no
2907	4	no
2908	5	no
2909	5	no
2910	4	no
2911	0	no
2912	4	no
2913	0	no
2914	0	no
2915	0	no
2916	0	no
2917	0	no
2918	0	no
2919	4	no
2920	0	no
2921	0	no
2922	0	no
2923	4	no
2924	0	no
2925	0	no
2926	4	no
2927	4	no
2928	0	no
2929	3	no
2930	5	no
2931	0	no
2932	0	no
2933	0	no
2934	0	no
2935	0	no
2936	0	no
2937	4	no
2938	4	no
2939	4	no
2940	0	no
2941	0	no
2942	0	no
2943	0	no
2944	4	no
2945	4	no
2946	0	no
2947	4	no
2948	0	no
2949	0	no
2950	4	no
2951	4	no
2952	4	no
2953	0	no
2954	4	no
2955	4	no
2956	0	no
2957	4	no
2958	4	no
2959	4	no
2960	4	no
2961	4	no
2962	4	no
2963	0	no
2964	0	no
2965	1	no
2966	0	no
2967	5	no
2968	5	no
2969	4	no
2970	0	no
2971	0	no
2972	0	no
2973	4	no
2974	0	no
2975	4	no
2976	4	no
2977	0	no
2978	0	no
2979	0	no
2980	3	no
2981	0	no
2982	4	no
2983	0	no
2984	4	no
2985	0	no
2986	0	no
2987	4	no
2988	4	no
2989	4	no
2990	0	no
2991	0	no
2992	4	no
2993	4	no
2994	0	no
2995	4	no
2996	0	no
2997	4	no
2998	4	no
2999	0	no
3000	4	no
3001	0	no
3002	4	no
3003	4	no
3004	0	no
3005	4	no
3006	4	no
3007	0	no
3008	4	no
3009	4	no
3010	0	no
3011	0	no
3012	1	no
3013	4	no
3014	0	no
3015	4	no
3016	4	no
3017	4	no
3018	4	no
3019	4	no
3020	0	no
3021	4	no
3022	4	no
3023	4	no
3024	0	no
3025	0	no
3026	4	no
3027	0	no
3028	4	no
3029	4	no
3030	0	no
3031	0	no
3032	4	no
3033	0	no
3034	4	no
3035	0	no
3036	4	no
3037	0	no
3038	4	no
3039	4	no
3040	4	no
3041	4	no
3042	4	no
3043	0	no
3044	4	no
3045	0	no
3046	3	no
3047	0	no
3048	4	no
3049	5	no
3050	4	no
3051	4	no
3052	0	no
3053	0	no
3054	0	no
3055	0	no
3056	0	no
3057	0	no
3058	4	no
3059	0	no
3060	4	no
3061	4	no
3062	4	no
3063	0	no
3064	0	no
3065	0	no
3066	0	no
3067	4	no
3068	0	no
3069	4	no
3070	5	no
3071	4	no
3072	5	no
3073	4	no
3074	0	no
3075	4	no
3076	1	no
3077	0	no
3078	1	no
3079	4	no
3080	5	no
3081	3	no
3082	0	no
3083	0	no
3084	4	no
3085	0	no
3086	4	no
3087	4	no
3088	0	no
3089	0	no
3090	4	no
3091	4	no
3092	4	no
3093	4	no
3094	4	no
3095	4	no
3096	4	no
3097	4	no
3098	4	no
3099	0	no
3100	4	no
3101	1	no
3102	4	no
3103	4	no
3104	4	no
3105	4	no
3106	4	no
3107	4	no
3108	5	no
3109	4	no
3110	4	no
3111	0	no
3112	5	no
3113	4	no
3114	0	no
3115	4	no
3116	0	no
3117	0	no
3118	3	no
3119	4	no
3120	0	no
3121	0	no
3122	4	no
3123	4	no
3124	0	no
3125	0	no
3126	0	no
3127	4	no
3128	4	no
3129	0	no
3130	0	no
3131	4	no
3132	3	no
3133	3	no
3134	0	no
3135	4	no
3136	4	no
3137	4	no
3138	0	no
3139	4	no
3140	0	no
3141	0	no
3142	4	no
3143	4	no
3144	4	no
3145	4	no
3146	4	no
3147	4	no
3148	4	no
3149	0	no
3150	0	no
3151	5	no
3152	0	no
3153	4	no
3154	0	no
3155	0	no
3156	0	no
3157	4	no
3158	0	no
3159	0	no
3160	4	no
3161	0	no
3162	4	no
3163	0	no
3164	0	no
3165	3	no
3166	4	no
3167	4	no
3168	4	no
3169	4	no
3170	4	no
3171	0	no
3172	0	no
3173	0	no
3174	4	no
3175	3	no
3176	0	no
3177	4	no
3178	0	no
3179	0	no
3180	0	no
3181	4	no
3182	0	no
3183	4	no
3184	0	no
3185	4	no
3186	4	no
3187	4	no
3188	4	no
3189	0	no
3190	4	no
3191	4	no
3192	4	no
3193	0	no
3194	4	no
3195	0	no
3196	4	no
3197	4	no
3198	4	no
3199	4	no
3200	0	no
3201	4	no
3202	0	no
3203	4	no
3204	0	no
3205	0	no
3206	4	no
3207	0	no
3208	0	no
3209	0	no
3210	4	no
3211	0	no
3212	4	no
3213	0	no
3214	4	no
3215	3	no
3216	0	no
3217	4	no
3218	0	no
3219	4	no
3220	0	no
3221	0	no
3222	0	no
3223	4	no
3224	0	no
3225	4	no
3226	0	no
3227	4	no
3228	4	no
3229	0	no
3230	4	no
3231	0	no
3232	4	no
3233	4	no
3234	0	no
3235	1	no
3236	4	no
3237	0	no
3238	4	no
3239	3	no
3240	0	no
3241	4	no
3242	4	no
3243	4	no
3244	4	no
3245	0	no
3246	3	no
3247	0	no
3248	0	no
3249	3	no
3250	0	no
3251	5	no
3252	4	no
3253	4	no
3254	0	no
3255	4	no
3256	5	no
3257	4	no
3258	0	no
3259	0	no
3260	4	no
3261	4	no
3262	4	no
3263	4	no
3264	0	no
3265	4	no
3266	5	no
3267	0	no
3268	4	no
3269	0	no
3270	4	no
3271	4	no
3272	0	no
3273	4	no
3274	0	no
3275	3	no
3276	0	no
3277	0	no
3278	0	no
3279	4	no
3280	0	no
3281	0	no
3282	0	no
3283	0	no
3284	4	no
3285	4	no
3286	4	no
3287	0	no
3288	4	no
3289	4	no
3290	4	no
3291	0	no
3292	4	no
3293	4	no
3294	4	no
3295	0	no
3296	0	no
3297	4	no
3298	0	no
3299	4	no
3300	1	no
3301	0	no
3302	0	no
3303	0	no
3304	4	no
3305	4	no
3306	0	no
3307	4	no
3308	4	no
3309	4	no
3310	0	no
3311	0	no
3312	0	no
3313	4	no
3314	0	no
3315	0	no
3316	0	no
3317	4	no
3318	0	no
3319	4	no
3320	4	no
3321	0	no
3322	0	no
3323	4	no
3324	0	no
3325	0	no
3326	4	no
3327	0	no
3328	0	no
3329	0	no
3330	4	no
3331	4	no
3332	4	no
3333	0	no
3334	4	no
3335	4	no
3336	4	no
3337	0	no
3338	0	no
3339	4	no
3340	0	no
3341	4	no
3342	4	no
3343	0	no
3344	4	no
3345	4	no
3346	4	no
3347	0	no
3348	4	no
3349	0	no
3350	0	no
3351	4	no
3352	3	no
3353	0	no
3354	0	no
3355	4	no
3356	0	no
3357	4	no
3358	4	no
3359	0	no
3360	1	no
3361	0	no
3362	4	no
3363	0	no
3364	5	no
3365	0	no
3366	0	no
3367	4	no
3368	0	no
3369	0	no
3370	0	no
3371	4	no
3372	4	no
3373	4	no
3374	4	no
3375	0	no
3376	0	no
3377	0	no
3378	0	no
3379	0	no
3380	5	no
3381	0	no
3382	4	no
3383	4	no
3384	3	no
3385	4	no
3386	4	no
3387	0	no
3388	4	no
3389	0	no
3390	4	no
3391	4	no
3392	4	no
3393	4	no
3394	4	no
3395	0	no
3396	4	no
3397	4	no
3398	0	no
3399	0	no
3400	0	no
3401	0	no
3402	0	no
3403	4	no
3404	0	no
3405	0	no
3406	0	no
3407	4	no
3408	0	no
3409	5	no
3410	4	no
3411	4	no
3412	4	no
3413	0	no
3414	5	no
3415	3	no
3416	5	no
3417	0	no
3418	0	no
3419	0	no
3420	0	no
3421	0	no
3422	0	no
3423	4	no
3424	4	no
3425	4	no
3426	4	no
3427	5	no
3428	4	no
3429	4	no
3430	0	no
3431	0	no
3432	4	no
3433	3	no
3434	4	no
3435	4	no
3436	0	no
3437	3	no
3438	4	no
3439	4	no
3440	4	no
3441	2	no
3442	0	no
3443	5	no
3444	4	no
3445	0	no
3446	3	no
3447	0	no
3448	0	no
3449	4	no
3450	4	no
3451	0	no
3452	0	no
3453	0	no
3454	0	no
3455	0	no
3456	5	no
3457	0	no
3458	0	no
3459	4	no
3460	0	no
3461	0	no
3462	4	no
3463	4	no
3464	0	no
3465	0	no
3466	0	no
3467	4	no
3468	4	no
3469	4	no
3470	0	no
3471	4	no
3472	5	no
3473	0	no
3474	4	no
3475	4	no
3476	4	no
3477	0	no
3478	4	no
3479	0	no
3480	0	no
3481	0	no
3482	0	no
3483	4	no
3484	4	no
3485	0	no
3486	4	no
3487	1	no
3488	4	no
3489	4	no
3490	5	no
3491	2	no
3492	3	no
3493	3	no
3494	0	no
3495	4	no
3496	4	no
3497	0	no
3498	0	no
3499	0	no
3500	0	no
3501	0	no
3502	0	no
3503	4	no
3504	0	no
3505	0	no
3506	4	no
3507	4	no
3508	0	no
3509	4	no
3510	4	no
3511	4	no
3512	0	no
3513	0	no
3514	0	no
3515	0	no
3516	1	no
3517	4	no
3518	0	no
3519	4	no
3520	0	no
3521	0	no
3522	4	no
3523	0	no
3524	4	no
3525	4	no
3526	0	no
3527	4	no
3528	0	no
3529	4	no
3530	0	no
3531	0	no
3532	0	no
3533	4	no
3534	0	no
3535	0	no
3536	0	no
3537	0	no
3538	4	no
3539	0	no
3540	0	no
3541	0	no
3542	0	no
3543	5	no
3544	0	no
3545	4	no
3546	4	no
3547	0	no
3548	4	no
3549	4	no
3550	4	no
3551	0	no
3552	4	no
3553	4	no
3554	0	no
3555	0	no
3556	4	no
3557	0	no
3558	4	no
3559	0	no
3560	0	no
3561	0	no
3562	4	no
3563	4	no
3564	0	no
3565	0	no
3566	4	no
3567	4	no
3568	0	no
3569	0	no
3570	0	no
3571	0	no
3572	0	no
3573	4	no
3574	0	no
3575	3	no
3576	0	no
3577	4	no
3578	0	no
3579	4	no
3580	4	no
3581	0	no
3582	4	no
3583	4	no
3584	0	no
3585	4	no
3586	4	no
3587	3	no
3588	4	no
3589	2	no
3590	0	no
3591	0	no
3592	0	no
3593	0	no
3594	3	no
3595	4	no
3596	4	no
3597	4	no
3598	0	no
3599	0	no
3600	4	no
3601	0	no
3602	4	no
3603	4	no
3604	3	no
3605	3	no
3606	0	no
3607	4	no
3608	0	no
3609	4	no
3610	4	no
3611	5	no
3612	4	no
3613	0	no
3614	4	no
3615	0	no
3616	4	no
3617	4	no
3618	4	no
3619	4	no
3620	0	no
3621	4	no
3622	4	no
3623	0	no
3624	4	no
3625	4	no
3626	0	no
3627	1	no
3628	4	no
3629	3	no
3630	4	no
3631	4	no
3632	0	no
3633	0	no
3634	4	no
3635	4	no
3636	0	no
3637	0	no
3638	0	no
3639	0	no
3640	5	no
3641	0	no
3642	4	no
3643	0	no
3644	4	no
3645	4	no
3646	3	no
3647	0	no
3648	3	no
3649	0	no
3650	0	no
3651	0	no
3652	0	no
3653	3	no
3654	5	no
3655	4	no
3656	0	no
3657	4	no
3658	4	no
3659	3	no
3660	0	no
3661	4	no
3662	0	no
3663	0	no
3664	4	no
3665	0	no
3666	0	no
3667	4	no
3668	4	no
3669	4	no
3670	4	no
3671	3	no
3672	0	no
3673	0	no
3674	0	no
3675	4	no
3676	0	no
3677	3	no
3678	4	no
3679	0	no
3680	4	no
3681	0	no
3682	4	no
3683	0	no
3684	4	no
3685	4	no
3686	4	no
3687	0	no
3688	0	no
3689	0	no
3690	4	no
3691	4	no
3692	4	no
3693	4	no
3694	4	no
3695	4	no
3696	0	no
3697	2	no
3698	4	no
3699	4	no
3700	4	no
3701	0	no
3702	4	no
3703	0	no
3704	0	no
3705	4	no
3706	0	no
3707	4	no
3708	4	no
3709	5	no
3710	5	no
3711	4	no
3712	4	no
3713	4	no
3714	0	no
3715	0	no
3716	0	no
3717	0	no
3718	0	no
3719	0	no
3720	4	no
3721	4	no
3722	0	no
3723	0	no
3724	4	no
3725	4	no
3726	0	no
3727	4	no
3728	0	no
3729	4	no
3730	0	no
3731	4	no
3732	4	no
3733	4	no
3734	0	no
3735	4	no
3736	0	no
3737	0	no
3738	0	no
3739	0	no
3740	4	no
3741	0	no
3742	5	no
3743	0	no
3744	4	no
3745	4	no
3746	4	no
3747	0	no
3748	0	no
3749	0	no
3750	0	no
3751	4	no
3752	4	no
3753	0	no
3754	4	no
3755	4	no
3756	4	no
3757	4	no
3758	4	no
3759	5	no
3760	4	no
3761	0	no
3762	4	no
3763	0	no
3764	4	no
3765	4	no
3766	0	no
3767	4	no
3768	0	no
3769	4	no
3770	4	no
3771	4	no
3772	4	no
3773	4	no
3774	0	no
3775	4	no
3776	4	no
3777	4	no
3778	4	no
3779	0	no
3780	5	no
3781	0	no
3782	0	no
3783	4	no
3784	3	no
3785	0	no
3786	4	no
3787	4	no
3788	4	no
3789	0	no
3790	4	no
3791	4	no
3792	0	no
3793	0	no
3794	4	no
3795	4	no
3796	5	no
3797	0	no
3798	0	no
3799	0	no
3800	0	no
3801	0	no
3802	4	no
3803	0	no
3804	0	no
3805	4	no
3806	4	no
3807	0	no
3808	4	no
3809	0	no
3810	4	no
3811	4	no
3812	0	no
3813	0	no
3814	0	no
3815	4	no
3816	4	no
3817	4	no
3818	4	no
3819	4	no
3820	4	no
3821	5	no
3822	0	no
3823	4	no
3824	0	no
3825	0	no
3826	0	no
3827	4	no
3828	0	no
3829	4	no
3830	4	no
3831	0	no
3832	4	no
3833	1	no
3834	3	no
3835	4	no
3836	0	no
3837	0	no
3838	4	no
3839	4	no
3840	0	no
3841	4	no
3842	4	no
3843	4	no
3844	0	no
3845	4	no
3846	0	no
3847	4	no
3848	4	no
3849	4	no
3850	4	no
3851	0	no
3852	4	no
3853	4	no
3854	3	no
3855	4	no
3856	4	no
3857	3	no
3858	4	no
3859	4	no
3860	4	no
3861	0	no
3862	0	no
3863	4	no
3864	0	no
3865	4	no
3866	0	no
3867	4	no
3868	0	no
3869	0	no
3870	4	no
3871	4	no
3872	4	no
3873	0	no
3874	4	no
3875	3	no
3876	4	no
3877	0	no
3878	0	no
3879	0	no
3880	4	no
3881	0	no
3882	0	no
3883	4	no
3884	3	no
3885	0	no
3886	0	no
3887	0	no
3888	4	no
3889	0	no
3890	4	no
3891	0	no
3892	0	no
3893	0	no
3894	0	no
3895	4	no
3896	0	no
3897	0	no
3898	4	no
3899	0	no
3900	5	no
3901	0	no
3902	0	no
3903	0	no
3904	0	no
3905	4	no
3906	0	no
3907	0	no
3908	4	no
3909	0	no
3910	0	no
3911	2	no
3912	4	no
3913	4	no
3914	0	no
3915	3	no
3916	0	no
3917	0	no
3918	0	no
3919	0	no
3920	0	no
3921	3	no
3922	0	no
3923	4	no
3924	4	no
3925	4	no
3926	5	no
3927	0	no
3928	0	no
3929	0	no
3930	0	no
3931	4	no
3932	0	no
3933	0	no
3934	0	no
3935	0	no
3936	0	no
3937	0	no
3938	0	no
3939	0	no
3940	4	no
3941	0	no
3942	5	no
3943	4	no
3944	0	no
3945	4	no
3946	0	no
3947	0	no
3948	4	no
3949	0	no
3950	0	no
3951	4	no
3952	4	no
3953	4	no
3954	4	no
3955	4	no
3956	4	no
3957	4	no
3958	0	no
3959	4	no
3960	4	no
3961	0	no
3962	4	no
3963	4	no
3964	0	no
3965	0	no
3966	4	no
3967	4	no
3968	0	no
3969	5	no
3970	0	no
3971	0	no
3972	4	no
3973	4	no
3974	0	no
3975	3	no
3976	0	no
3977	0	no
3978	0	no
3979	0	no
3980	4	no
3981	4	no
3982	0	no
3983	4	no
3984	4	no
3985	4	no
3986	4	no
3987	4	no
3988	4	no
3989	0	no
3990	4	no
3991	4	no
3992	0	no
3993	4	no
3994	0	no
3995	0	no
3996	0	no
3997	4	no
3998	4	no
3999	4	no
4000	0	no
4001	0	no
4002	0	no
4003	4	no
4004	0	no
4005	4	no
4006	0	no
4007	4	no
4008	0	no
4009	4	no
4010	4	no
4011	4	no
4012	0	no
4013	4	no
4014	4	no
4015	4	no
4016	4	no
4017	0	no
4018	4	no
4019	0	no
4020	3	no
4021	0	no
4022	4	no
4023	4	no
4024	0	no
4025	4	no
4026	4	no
4027	0	no
4028	4	no
4029	0	no
4030	0	no
4031	0	no
4032	4	no
4033	4	no
4034	0	no
4035	4	no
4036	0	no
4037	0	no
4038	4	no
4039	0	no
4040	5	no
4041	4	no
4042	0	no
4043	0	no
4044	0	no
4045	4	no
4046	0	no
4047	4	no
4048	0	no
4049	4	no
4050	0	no
4051	0	no
4052	0	no
4053	5	no
4054	4	no
4055	4	no
4056	4	no
4057	0	no
4058	4	no
4059	4	no
4060	0	no
4061	0	no
4062	4	no
4063	0	no
4064	4	no
4065	4	no
4066	0	no
4067	4	no
4068	4	no
4069	4	no
4070	4	no
4071	4	no
4072	0	no
4073	4	no
4074	4	no
4075	0	no
4076	4	no
4077	0	no
4078	0	no
4079	0	no
4080	5	no
4081	4	no
4082	4	no
4083	0	no
4084	0	no
4085	0	no
4086	4	no
4087	4	no
4088	5	no
4089	0	no
4090	1	no
4091	4	no
4092	0	no
4093	0	no
4094	0	no
4095	4	no
4096	0	no
4097	0	no
4098	0	no
4099	0	no
4100	4	no
4101	0	no
4102	4	no
4103	4	no
4104	0	no
4105	4	no
4106	4	no
4107	4	no
4108	0	no
4109	0	no
4110	4	no
4111	4	no
4112	4	no
4113	4	no
4114	4	no
4115	4	no
4116	0	no
4117	0	no
4118	0	no
4119	0	no
4120	0	no
4121	0	no
4122	0	no
4123	0	no
4124	0	no
4125	4	no
4126	0	no
4127	5	no
4128	0	no
4129	0	no
4130	4	no
4131	0	no
4132	5	no
4133	5	no
4134	4	no
4135	4	no
4136	4	no
4137	0	no
4138	0	no
4139	4	no
4140	0	no
4141	4	no
4142	0	no
4143	4	no
4144	0	no
4145	0	no
4146	0	no
4147	0	no
4148	0	no
4149	4	no
4150	0	no
4151	0	no
4152	4	no
4153	0	no
4154	5	no
4155	0	no
4156	4	no
4157	4	no
4158	0	no
4159	4	no
4160	4	no
4161	0	no
4162	4	no
4163	4	no
4164	0	no
4165	0	no
4166	4	no
4167	4	no
4168	4	no
4169	0	no
4170	4	no
4171	4	no
4172	4	no
4173	3	no
4174	0	no
4175	4	no
4176	0	no
4177	0	no
4178	0	no
4179	4	no
4180	0	no
4181	4	no
4182	0	no
4183	0	no
4184	0	no
4185	4	no
4186	4	no
4187	4	no
4188	4	no
4189	0	no
4190	0	no
4191	0	no
4192	0	no
4193	0	no
4194	5	no
4195	0	no
4196	4	no
4197	4	no
4198	4	no
4199	0	no
4200	4	no
4201	3	no
4202	1	no
4203	0	no
4204	0	no
4205	4	no
4206	4	no
4207	4	no
4208	0	no
4209	4	no
4210	3	no
4211	4	no
4212	0	no
4213	4	no
4214	0	no
4215	4	no
4216	4	no
4217	0	no
4218	4	no
4219	0	no
4220	4	no
4221	4	no
4222	4	no
4223	4	no
4224	0	no
4225	4	no
4226	4	no
4227	0	no
4228	4	no
4229	5	no
4230	4	no
4231	4	no
4232	4	no
4233	4	no
4234	0	no
4235	0	no
4236	4	no
4237	4	no
4238	0	no
4239	1	no
4240	0	no
4241	4	no
4242	4	no
4243	4	no
4244	4	no
4245	4	no
4246	5	no
4247	4	no
4248	0	no
4249	0	no
4250	4	no
4251	4	no
4252	0	no
4253	0	no
4254	4	no
4255	0	no
4256	4	no
4257	4	no
4258	4	no
4259	0	no
4260	4	no
4261	4	no
4262	4	no
4263	4	no
4264	4	no
4265	4	no
4266	0	no
4267	0	no
4268	0	no
4269	4	no
4270	0	no
4271	4	no
4272	1	no
4273	0	no
4274	4	no
4275	0	no
4276	0	no
4277	4	no
4278	0	no
4279	4	no
4280	0	no
4281	3	no
4282	0	no
4283	5	no
4284	0	no
4285	0	no
4286	4	no
4287	4	no
4288	0	no
4289	0	no
4290	4	no
4291	0	no
4292	0	no
4293	0	no
4294	0	no
4295	4	no
4296	0	no
4297	4	no
4298	3	no
4299	1	no
4300	0	no
4301	0	no
4302	0	no
4303	4	no
4304	0	no
4305	4	no
4306	0	no
4307	0	no
4308	4	no
4309	0	no
4310	0	no
4311	0	no
4312	5	no
4313	0	no
4314	4	no
4315	4	no
4316	4	no
4317	4	no
4318	0	no
4319	4	no
4320	0	no
4321	4	no
4322	0	no
4323	0	no
4324	0	no
4325	4	no
4326	0	no
4327	4	no
4328	0	no
4329	1	no
4330	5	no
4331	3	no
4332	0	no
4333	4	no
4334	1	no
4335	0	no
4336	4	no
4337	0	no
4338	4	no
4339	0	no
4340	4	no
4341	0	no
4342	0	no
4343	0	no
4344	4	no
4345	4	no
4346	0	no
4347	0	no
4348	0	no
4349	4	no
4350	4	no
4351	4	no
4352	4	no
4353	0	no
4354	0	no
4355	5	no
4356	0	no
4357	4	no
4358	0	no
4359	0	no
4360	4	no
4361	1	no
4362	4	no
4363	0	no
4364	4	no
4365	0	no
4366	5	no
4367	0	no
4368	4	no
4369	4	no
4370	0	no
4371	0	no
4372	4	no
4373	0	no
4374	4	no
4375	0	no
4376	0	no
4377	4	no
4378	0	no
4379	0	no
4380	0	no
4381	0	no
4382	0	no
4383	0	no
4384	0	no
4385	0	no
4386	0	no
4387	0	no
4388	0	no
4389	0	no
4390	4	no
4391	3	no
4392	3	no
4393	4	no
4394	4	no
4395	0	no
4396	3	no
4397	4	no
4398	4	no
4399	4	no
4400	4	no
4401	0	no
4402	0	no
4403	4	no
4404	0	no
4405	4	no
4406	3	no
4407	0	no
4408	0	no
4409	4	no
4410	0	no
4411	4	no
4412	0	no
4413	0	no
4414	4	no
4415	4	no
4416	0	no
4417	4	no
4418	4	no
4419	0	no
4420	4	no
4421	0	no
4422	0	no
4423	4	no
4424	5	no
4425	0	no
4426	0	no
4427	4	no
4428	0	no
4429	4	no
4430	0	no
4431	4	no
4432	0	no
4433	4	no
4434	4	no
4435	4	no
4436	0	no
4437	4	no
4438	0	no
4439	0	no
4440	0	no
4441	4	no
4442	4	no
4443	0	no
4444	4	no
4445	0	no
4446	0	no
4447	4	no
4448	0	no
4449	0	no
4450	0	no
4451	0	no
4452	0	no
4453	0	no
4454	0	no
4455	0	no
4456	4	no
4457	4	no
4458	0	no
4459	0	no
4460	4	no
4461	0	no
4462	4	no
4463	0	no
4464	4	no
4465	4	no
4466	4	no
4467	0	no
4468	4	no
4469	4	no
4470	0	no
4471	4	no
4472	0	no
4473	4	no
4474	0	no
4475	4	no
4476	4	no
4477	0	no
4478	4	no
4479	0	no
4480	4	no
4481	4	no
4482	4	no
4483	4	no
4484	4	no
4485	4	no
4486	4	no
4487	0	no
4488	0	no
4489	4	no
4490	4	no
4491	4	no
4492	4	no
4493	4	no
4494	4	no
4495	4	no
4496	4	no
4497	0	no
4498	0	no
4499	0	no
4500	4	no
4501	0	no
4502	3	no
4503	0	no
4504	0	no
4505	4	no
4506	4	no
4507	1	no
4508	0	no
4509	0	no
4510	4	no
4511	0	no
4512	0	no
4513	4	no
4514	4	no
4515	4	no
4516	3	no
4517	0	no
4518	0	no
4519	0	no
4520	0	no
4521	4	no
4522	4	no
4523	0	no
4524	4	no
4525	0	no
4526	0	no
4527	4	no
4528	4	no
4529	0	no
4530	4	no
4531	4	no
4532	0	no
4533	0	no
4534	0	no
4535	4	no
4536	4	no
4537	4	no
4538	4	no
4539	4	no
4540	4	no
4541	0	no
4542	4	no
4543	4	no
4544	0	no
4545	0	no
4546	4	no
4547	0	no
4548	0	no
4549	0	no
4550	4	no
4551	0	no
4552	4	no
4553	0	no
4554	4	no
4555	0	no
4556	5	no
4557	4	no
4558	5	no
4559	4	no
4560	0	no
4561	4	no
4562	0	no
4563	4	no
4564	0	no
4565	4	no
4566	0	no
4567	4	no
4568	0	no
4569	4	no
4570	4	no
4571	4	no
4572	3	no
4573	4	no
4574	5	no
4575	0	no
4576	4	no
4577	0	no
4578	0	no
4579	0	no
4580	3	no
4581	0	no
4582	0	no
4583	0	no
4584	0	no
4585	0	no
4586	4	no
4587	0	no
4588	2	no
4589	0	no
4590	4	no
4591	0	no
4592	3	no
4593	0	no
4594	0	no
4595	5	no
4596	0	no
4597	0	no
4598	4	no
4599	0	no
4600	3	no
4601	4	no
4602	4	no
4603	4	no
4604	4	no
4605	4	no
4606	4	no
4607	4	no
4608	4	no
4609	4	no
4610	4	no
4611	4	no
4612	4	no
4613	3	no
4614	4	no
4615	5	no
4616	4	no
4617	4	no
4618	0	no
4619	0	no
4620	4	no
4621	4	no
4622	4	no
4623	0	no
4624	4	no
4625	4	no
4626	4	no
4627	4	no
4628	5	no
4629	0	no
4630	0	no
4631	4	no
4632	0	no
4633	4	no
4634	0	no
4635	4	no
4636	4	no
4637	0	no
4638	4	no
4639	4	no
4640	4	no
4641	0	no
4642	4	no
4643	4	no
4644	0	no
4645	5	no
4646	4	no
4647	4	no
4648	4	no
4649	4	no
4650	0	no
4651	0	no
4652	4	no
4653	0	no
4654	0	no
4655	0	no
4656	0	no
4657	4	no
4658	4	no
4659	4	no
4660	4	no
4661	0	no
4662	4	no
4663	4	no
4664	0	no
4665	3	no
4666	4	no
4667	4	no
4668	4	no
4669	5	no
4670	4	no
4671	0	no
4672	4	no
4673	0	no
4674	0	no
4675	4	no
4676	4	no
4677	0	no
4678	4	no
4679	0	no
4680	0	no
4681	3	no
4682	0	no
4683	0	no
4684	4	no
4685	4	no
4686	4	no
4687	0	no
4688	0	no
4689	0	no
4690	4	no
4691	0	no
4692	0	no
4693	4	no
4694	4	no
4695	0	no
4696	4	no
4697	0	no
4698	5	no
4699	4	no
4700	4	no
4701	0	no
4702	1	no
4703	0	no
4704	0	no
4705	4	no
4706	0	no
4707	0	no
4708	4	no
4709	0	no
4710	4	no
4711	0	no
4712	4	no
4713	0	no
4714	4	no
4715	4	no
4716	4	no
4717	4	no
4718	4	no
4719	0	no
4720	4	no
4721	0	no
4722	4	no
4723	0	no
4724	5	no
4725	0	no
4726	3	no
4727	4	no
4728	4	no
4729	4	no
4730	4	no
4731	4	no
4732	0	no
4733	5	no
4734	0	no
4735	3	no
4736	4	no
4737	4	no
4738	4	no
4739	4	no
4740	0	no
4741	4	no
4742	0	no
4743	4	no
4744	0	no
4745	4	no
4746	0	no
4747	0	no
4748	4	no
4749	4	no
4750	4	no
4751	0	no
4752	4	no
4753	0	no
4754	4	no
4755	4	no
4756	4	no
4757	1	no
4758	0	no
4759	4	no
4760	4	no
4761	0	no
4762	4	no
4763	0	no
4764	4	no
4765	0	no
4766	0	no
4767	4	no
4768	4	no
4769	4	no
4770	4	no
4771	4	no
4772	4	no
4773	4	no
4774	4	no
4775	0	no
4776	0	no
4777	4	no
4778	0	no
4779	0	no
4780	0	no
4781	4	no
4782	4	no
4783	0	no
4784	4	no
4785	0	no
4786	0	no
4787	0	no
4788	4	no
4789	0	no
4790	4	no
4791	0	no
4792	4	no
4793	0	no
4794	0	no
4795	0	no
4796	4	no
4797	3	no
4798	0	no
4799	0	no
4800	0	no
4801	0	no
4802	4	no
4803	0	no
4804	0	no
4805	0	no
4806	4	no
4807	3	no
4808	0	no
4809	4	no
4810	0	no
4811	0	no
4812	0	no
4813	4	no
4814	4	no
4815	0	no
4816	1	no
4817	4	no
4818	4	no
4819	0	no
4820	0	no
4821	0	no
4822	4	no
4823	4	no
4824	0	no
4825	4	no
4826	0	no
4827	1	no
4828	4	no
4829	4	no
4830	4	no
4831	5	no
4832	4	no
4833	0	no
4834	0	no
4835	0	no
4836	4	no
4837	4	no
4838	0	no
4839	4	no
4840	4	no
4841	4	no
4842	0	no
4843	0	no
4844	0	no
4845	4	no
4846	5	no
4847	0	no
4848	0	no
4849	4	no
4850	4	no
4851	0	no
4852	0	no
4853	4	no
4854	4	no
4855	4	no
4856	0	no
4857	3	no
4858	4	no
4859	0	no
4860	4	no
4861	4	no
4862	4	no
4863	0	no
4864	0	no
4865	4	no
4866	4	no
4867	4	no
4868	0	no
4869	4	no
4870	4	no
4871	0	no
4872	4	no
4873	0	no
4874	0	no
4875	4	no
4876	4	no
4877	4	no
4878	0	no
4879	4	no
4880	0	no
4881	0	no
4882	0	no
4883	4	no
4884	0	no
4885	4	no
4886	0	no
4887	4	no
4888	4	no
4889	4	no
4890	0	no
4891	0	no
4892	0	no
4893	0	no
4894	0	no
4895	0	no
4896	0	no
4897	0	no
4898	4	no
4899	5	no
4900	0	no
4901	4	no
4902	4	no
4903	4	no
4904	4	no
4905	0	no
4906	0	no
4907	4	no
4908	0	no
4909	4	no
4910	0	no
4911	0	no
4912	0	no
4913	4	no
4914	4	no
4915	0	no
4916	4	no
4917	0	no
4918	0	no
4919	0	no
4920	3	no
4921	4	no
4922	0	no
4923	0	no
4924	4	no
4925	4	no
4926	4	no
4927	4	no
4928	4	no
4929	0	no
4930	0	no
4931	0	no
4932	0	no
4933	4	no
4934	0	no
4935	0	no
4936	4	no
4937	4	no
4938	4	no
4939	4	no
4940	4	no
4941	0	no
4942	4	no
4943	4	no
4944	0	no
4945	4	no
4946	4	no
4947	0	no
4948	4	no
4949	0	no
4950	5	no
4951	4	no
4952	4	no
4953	4	no
4954	1	no
4955	4	no
4956	4	no
4957	0	no
4958	4	no
4959	0	no
4960	0	no
4961	0	no
4962	4	no
4963	4	no
4964	0	no
4965	0	no
4966	4	no
4967	0	no
4968	0	no
4969	4	no
4970	0	no
4971	4	no
4972	4	no
4973	3	no
4974	4	no
4975	5	no
4976	0	no
4977	0	no
4978	4	no
4979	0	no
4980	4	no
4981	4	no
4982	4	no
4983	0	no
4984	4	no
4985	4	no
4986	3	no
4987	4	no
4988	3	no
4989	0	no
4990	5	no
4991	0	no
4992	3	no
4993	4	no
4994	4	no
4995	0	no
4996	4	no
4997	0	no
4998	0	no
4999	0	no
5000	0	no
5001	4	no
5002	4	no
5003	4	no
5004	4	no
5005	0	no
5006	4	no
5007	4	no
5008	0	no
5009	4	no
5010	0	no
5011	4	no
5012	0	no
5013	5	no
5014	4	no
5015	4	no
5016	4	no
5017	4	no
5018	2	no
5019	4	no
5020	0	no
5021	0	no
5022	4	no
5023	4	no
5024	0	no
5025	4	no
5026	4	no
5027	0	no
5028	4	no
5029	4	no
5030	4	no
5031	4	no
5032	3	no
5033	4	no
5034	3	no
5035	0	no
5036	4	no
5037	4	no
5038	4	no
5039	0	no
5040	5	no
5041	0	no
5042	3	no
5043	0	no
5044	0	no
5045	0	no
5046	0	no
5047	4	no
5048	0	no
5049	4	no
5050	5	no
5051	4	no
5052	4	no
5053	0	no
5054	4	no
5055	4	no
5056	4	no
5057	4	no
5058	4	no
5059	0	no
5060	0	no
5061	4	no
5062	4	no
5063	0	no
5064	0	no
5065	0	no
5066	0	no
5067	4	no
5068	0	no
5069	0	no
5070	4	no
5071	4	no
5072	0	no
5073	0	no
5074	0	no
5075	4	no
5076	0	no
5077	4	no
5078	0	no
5079	0	no
5080	0	no
5081	4	no
5082	0	no
5083	0	no
5084	0	no
5085	4	no
5086	4	no
5087	0	no
5088	0	no
5089	0	no
5090	4	no
5091	4	no
5092	0	no
5093	0	no
5094	4	no
5095	0	no
5096	0	no
5097	0	no
5098	4	no
5099	0	no
5100	0	no
5101	0	no
5102	0	no
5103	4	no
5104	4	no
5105	4	no
5106	4	no
5107	4	no
5108	4	no
5109	0	no
5110	0	no
5111	4	no
5112	0	no
5113	0	no
5114	0	no
5115	4	no
5116	0	no
5117	4	no
5118	4	no
5119	4	no
5120	4	no
5121	0	no
5122	4	no
5123	4	no
5124	5	no
5125	4	no
5126	4	no
5127	4	no
5128	0	no
5129	4	no
5130	3	no
5131	0	no
5132	0	no
5133	4	no
5134	4	no
5135	5	no
5136	4	no
5137	4	no
5138	4	no
5139	0	no
5140	4	no
5141	4	no
5142	4	no
5143	0	no
5144	4	no
5145	1	no
5146	3	no
5147	4	no
5148	0	no
5149	4	no
5150	0	no
5151	4	no
5152	0	no
5153	5	no
5154	0	no
5155	4	no
5156	4	no
5157	0	no
5158	2	no
5159	0	no
5160	0	no
5161	0	no
5162	5	no
5163	4	no
5164	0	no
5165	4	no
5166	4	no
5167	4	no
5168	0	no
5169	0	no
5170	4	no
5171	0	no
5172	4	no
5173	4	no
5174	0	no
5175	4	no
5176	0	no
5177	5	no
5178	4	no
5179	4	no
5180	0	no
5181	0	no
5182	4	no
5183	4	no
5184	0	no
5185	0	no
5186	5	no
5187	4	no
5188	4	no
5189	4	no
5190	4	no
5191	3	no
5192	4	no
5193	4	no
5194	0	no
5195	4	no
5196	4	no
5197	4	no
5198	0	no
5199	0	no
5200	0	no
5201	0	no
5202	4	no
5203	4	no
5204	4	no
5205	4	no
5206	4	no
5207	4	no
5208	4	no
5209	0	no
5210	0	no
5211	4	no
5212	4	no
5213	0	no
5214	0	no
5215	4	no
5216	0	no
5217	4	no
5218	4	no
5219	0	no
5220	0	no
5221	0	no
5222	4	no
5223	4	no
5224	4	no
5225	0	no
5226	4	no
5227	0	no
5228	4	no
5229	0	no
5230	1	no
5231	0	no
5232	4	no
5233	4	no
5234	4	no
5235	0	no
5236	4	no
5237	4	no
5238	4	no
5239	0	no
5240	3	no
5241	0	no
5242	0	no
5243	0	no
5244	0	no
5245	0	no
5246	4	no
5247	4	no
5248	0	no
5249	4	no
5250	3	no
5251	4	no
5252	4	no
5253	0	no
5254	0	no
5255	0	no
5256	4	no
5257	0	no
5258	4	no
5259	0	no
5260	4	no
5261	4	no
5262	0	no
5263	0	no
5264	0	no
5265	0	no
5266	4	no
5267	4	no
5268	1	no
5269	0	no
5270	4	no
5271	4	no
5272	3	no
5273	0	no
5274	3	no
5275	0	no
5276	0	no
5277	4	no
5278	4	no
5279	0	no
5280	1	no
5281	5	no
5282	2	no
5283	4	no
5284	0	no
5285	0	no
5286	4	no
5287	4	no
5288	0	no
5289	0	no
5290	0	no
5291	5	no
5292	0	no
5293	1	no
5294	4	no
5295	4	no
5296	0	no
5297	0	no
5298	4	no
5299	4	no
5300	0	no
5301	4	no
5302	0	no
5303	4	no
5304	0	no
5305	0	no
5306	4	no
5307	0	no
5308	4	no
5309	4	no
5310	0	no
5311	0	no
5312	0	no
5313	4	no
5314	4	no
5315	4	no
5316	0	no
5317	0	no
5318	0	no
5319	0	no
5320	4	no
5321	0	no
5322	4	no
5323	4	no
5324	4	no
5325	4	no
5326	0	no
5327	3	no
5328	0	no
5329	1	no
5330	4	no
5331	0	no
5332	3	no
5333	0	no
5334	0	no
5335	4	no
5336	0	no
5337	0	no
5338	0	no
5339	0	no
5340	0	no
5341	0	no
5342	0	no
5343	4	no
5344	4	no
5345	0	no
5346	0	no
5347	0	no
5348	0	no
5349	0	no
5350	0	no
5351	0	no
5352	0	no
5353	4	no
5354	0	no
5355	0	no
5356	0	no
5357	4	no
5358	4	no
5359	0	no
5360	4	no
5361	0	no
5362	1	no
5363	0	no
5364	4	no
5365	4	no
5366	4	no
5367	0	no
5368	0	no
5369	4	no
5370	4	no
5371	0	no
5372	3	no
5373	4	no
5374	4	no
5375	4	no
5376	0	no
5377	3	no
5378	4	no
5379	4	no
5380	0	no
5381	4	no
5382	4	no
5383	0	no
5384	0	no
5385	4	no
5386	3	no
5387	0	no
5388	4	no
5389	3	no
5390	0	no
5391	4	no
5392	0	no
5393	0	no
5394	4	no
5395	0	no
5396	3	no
5397	4	no
5398	4	no
5399	4	no
5400	4	no
5401	0	no
5402	4	no
5403	0	no
5404	4	no
5405	0	no
5406	0	no
5407	4	no
5408	4	no
5409	4	no
5410	0	no
5411	5	no
5412	0	no
5413	4	no
5414	0	no
5415	0	no
5416	0	no
5417	0	no
5418	4	no
5419	4	no
5420	4	no
5421	4	no
5422	0	no
5423	4	no
5424	0	no
5425	4	no
5426	0	no
5427	0	no
5428	0	no
5429	4	no
5430	0	no
5431	0	no
5432	4	no
5433	4	no
5434	0	no
5435	4	no
5436	4	no
5437	0	no
5438	0	no
5439	4	no
5440	4	no
5441	4	no
5442	4	no
5443	4	no
5444	0	no
5445	4	no
5446	0	no
5447	4	no
5448	0	no
5449	4	no
5450	4	no
5451	4	no
5452	0	no
5453	4	no
5454	0	no
5455	4	no
5456	4	no
5457	4	no
5458	0	no
5459	4	no
5460	4	no
5461	4	no
5462	0	no
5463	4	no
5464	0	no
5465	4	no
5466	0	no
5467	0	no
5468	0	no
5469	0	no
5470	4	no
5471	0	no
5472	0	no
5473	0	no
5474	0	no
5475	0	no
5476	0	no
5477	4	no
5478	0	no
5479	0	no
5480	0	no
5481	3	no
5482	4	no
5483	4	no
5484	0	no
5485	4	no
5486	4	no
5487	0	no
5488	4	no
5489	4	no
5490	0	no
5491	4	no
5492	4	no
5493	4	no
5494	4	no
5495	0	no
5496	0	no
5497	4	no
5498	0	no
5499	0	no
5500	4	no
5501	4	no
5502	4	no
5503	0	no
5504	0	no
5505	0	no
5506	0	no
5507	4	no
5508	4	no
5509	4	no
5510	4	no
5511	4	no
5512	0	no
5513	0	no
5514	4	no
5515	0	no
5516	4	no
5517	0	no
5518	0	no
5519	0	no
5520	4	no
5521	4	no
5522	4	no
5523	4	no
5524	0	no
5525	0	no
5526	4	no
5527	4	no
5528	3	no
5529	0	no
5530	3	no
5531	0	no
5532	0	no
5533	0	no
5534	4	no
5535	0	no
5536	0	no
5537	0	no
5538	0	no
5539	0	no
5540	4	no
5541	4	no
5542	4	no
5543	3	no
5544	3	no
5545	0	no
5546	4	no
5547	4	no
5548	4	no
5549	5	no
5550	0	no
5551	4	no
5552	0	no
5553	1	no
5554	4	no
5555	0	no
5556	4	no
5557	0	no
5558	0	no
5559	4	no
5560	4	no
5561	4	no
5562	0	no
5563	4	no
5564	4	no
5565	0	no
5566	4	no
5567	0	no
5568	4	no
5569	4	no
5570	4	no
5571	0	no
5572	0	no
5573	4	no
5574	4	no
5575	4	no
5576	0	no
5577	5	no
5578	4	no
5579	0	no
5580	0	no
5581	0	no
5582	4	no
5583	4	no
5584	0	no
5585	4	no
5586	1	no
5587	0	no
5588	4	no
5589	4	no
5590	0	no
5591	4	no
5592	4	no
5593	5	no
5594	0	no
5595	0	no
5596	4	no
5597	5	no
5598	0	no
5599	0	no
5600	0	no
5601	4	no
5602	3	no
5603	4	no
5604	4	no
5605	0	no
5606	4	no
5607	2	no
5608	4	no
5609	4	no
5610	4	no
5611	0	no
5612	0	no
5613	4	no
5614	0	no
5615	4	no
5616	4	no
5617	0	no
5618	0	no
5619	4	no
5620	5	no
5621	4	no
5622	0	no
5623	0	no
5624	4	no
5625	0	no
5626	4	no
5627	4	no
5628	0	no
5629	0	no
5630	0	no
5631	0	no
5632	0	no
5633	0	no
5634	0	no
5635	0	no
5636	0	no
5637	4	no
5638	0	no
5639	0	no
5640	4	no
5641	4	no
5642	4	no
5643	4	no
5644	0	no
5645	0	no
5646	0	no
5647	0	no
5648	0	no
5649	4	no
5650	4	no
5651	4	no
5652	0	no
5653	4	no
5654	0	no
5655	0	no
5656	4	no
5657	0	no
5658	4	no
5659	3	no
5660	4	no
5661	0	no
5662	0	no
5663	4	no
5664	4	no
5665	0	no
5666	4	no
5667	4	no
5668	4	no
5669	0	no
5670	2	no
5671	0	no
5672	0	no
5673	0	no
5674	4	no
5675	0	no
5676	0	no
5677	0	no
5678	4	no
5679	0	no
5680	0	no
5681	0	no
5682	4	no
5683	4	no
5684	4	no
5685	4	no
5686	0	no
5687	0	no
5688	0	no
5689	0	no
5690	4	no
5691	0	no
5692	4	no
5693	4	no
5694	4	no
5695	0	no
5696	0	no
5697	0	no
5698	4	no
5699	0	no
5700	4	no
5701	4	no
5702	5	no
5703	0	no
5704	0	no
5705	4	no
5706	4	no
5707	4	no
5708	4	no
5709	0	no
5710	0	no
5711	0	no
5712	4	no
5713	0	no
5714	3	no
5715	4	no
5716	4	no
5717	4	no
5718	4	no
5719	0	no
5720	4	no
5721	0	no
5722	0	no
5723	0	no
5724	3	no
5725	4	no
5726	4	no
5727	0	no
5728	4	no
5729	4	no
5730	0	no
5731	0	no
5732	4	no
5733	4	no
5734	0	no
5735	4	no
5736	1	no
5737	4	no
5738	4	no
5739	0	no
5740	0	no
5741	0	no
5742	0	no
5743	4	no
5744	0	no
5745	0	no
5746	4	no
5747	0	no
5748	0	no
5749	4	no
5750	4	no
5751	4	no
5752	4	no
5753	4	no
5754	4	no
5755	0	no
5756	0	no
5757	4	no
5758	0	no
5759	4	no
5760	0	no
5761	0	no
5762	0	no
5763	4	no
5764	0	no
5765	0	no
5766	4	no
5767	4	no
5768	0	no
5769	4	no
5770	0	no
5771	4	no
5772	4	no
5773	4	no
5774	0	no
5775	5	no
5776	4	no
5777	0	no
5778	0	no
5779	4	no
5780	4	no
5781	4	no
5782	4	no
5783	3	no
5784	0	no
5785	4	no
5786	4	no
5787	5	no
5788	4	no
5789	0	no
5790	0	no
5791	4	no
5792	0	no
5793	0	no
5794	4	no
5795	0	no
5796	4	no
5797	0	no
5798	4	no
5799	0	no
5800	0	no
5801	4	no
5802	0	no
5803	0	no
5804	4	no
5805	5	no
5806	0	no
5807	0	no
5808	0	no
5809	0	no
5810	0	no
5811	4	no
5812	0	no
5813	4	no
5814	4	no
5815	0	no
5816	0	no
5817	4	no
5818	4	no
5819	4	no
5820	0	no
5821	4	no
5822	4	no
5823	0	no
5824	4	no
5825	4	no
5826	4	no
5827	4	no
5828	5	no
5829	4	no
5830	0	no
5831	4	no
5832	3	no
5833	0	no
5834	0	no
5835	5	no
5836	4	no
5837	5	no
5838	0	no
5839	0	no
5840	4	no
5841	0	no
5842	3	no
5843	0	no
5844	0	no
5845	0	no
5846	0	no
5847	4	no
5848	4	no
5849	0	no
5850	3	no
5851	0	no
5852	0	no
5853	0	no
5854	5	no
5855	4	no
5856	0	no
5857	4	no
5858	4	no
5859	0	no
5860	0	no
5861	0	no
5862	4	no
5863	0	no
5864	0	no
5865	5	no
5866	4	no
5867	0	no
5868	0	no
5869	0	no
5870	4	no
5871	0	no
5872	4	no
5873	0	no
5874	0	no
5875	4	no
5876	4	no
5877	4	no
5878	4	no
5879	4	no
5880	0	no
5881	0	no
5882	4	no
5883	0	no
5884	4	no
5885	0	no
5886	5	no
5887	1	no
5888	4	no
5889	4	no
5890	4	no
5891	4	no
5892	3	no
5893	0	no
5894	0	no
5895	0	no
5896	4	no
5897	0	no
5898	4	no
5899	0	no
5900	0	no
5901	4	no
5902	4	no
5903	0	no
5904	4	no
5905	4	no
5906	0	no
5907	0	no
5908	0	no
5909	4	no
5910	4	no
5911	0	no
5912	0	no
5913	4	no
5914	0	no
5915	4	no
5916	0	no
5917	0	no
5918	0	no
5919	5	no
5920	4	no
5921	4	no
5922	4	no
5923	4	no
5924	0	no
5925	4	no
5926	5	no
5927	4	no
5928	4	no
5929	0	no
5930	0	no
5931	4	no
5932	4	no
5933	4	no
5934	0	no
5935	4	no
5936	4	no
5937	4	no
5938	0	no
5939	0	no
5940	4	no
5941	4	no
5942	4	no
5943	5	no
5944	0	no
5945	4	no
5946	4	no
5947	3	no
5948	0	no
5949	4	no
5950	4	no
5951	4	no
5952	4	no
5953	4	no
5954	0	no
5955	0	no
5956	4	no
5957	4	no
5958	0	no
5959	0	no
5960	0	no
5961	0	no
5962	5	no
5963	4	no
5964	4	no
5965	4	no
5966	0	no
5967	0	no
5968	4	no
5969	0	no
5970	0	no
5971	0	no
5972	0	no
5973	4	no
5974	0	no
5975	4	no
5976	1	no
5977	4	no
5978	4	no
5979	4	no
5980	4	no
5981	0	no
5982	0	no
5983	0	no
5984	4	no
5985	4	no
5986	4	no
5987	4	no
5988	0	no
5989	0	no
5990	0	no
5991	4	no
5992	0	no
5993	4	no
5994	0	no
5995	4	no
5996	4	no
5997	0	no
5998	4	no
5999	4	no
6000	4	no
6001	0	no
6002	3	no
6003	4	no
6004	4	no
6005	4	no
6006	0	no
6007	4	no
6008	4	no
6009	4	no
6010	4	no
6011	4	no
6012	0	no
6013	4	no
6014	0	no
6015	4	no
6016	4	no
6017	0	no
6018	1	no
6019	0	no
6020	0	no
6021	0	no
6022	4	no
6023	4	no
6024	0	no
6025	4	no
6026	1	no
6027	4	no
6028	2	no
6029	1	no
6030	2	no
6031	0	no
6032	0	no
6033	4	no
6034	4	no
6035	4	no
6036	0	no
6037	4	no
6038	4	no
6039	4	no
6040	4	no
6041	0	no
6042	0	no
6043	5	no
6044	4	no
6045	0	no
6046	2	no
6047	2	no
6048	4	no
6049	2	no
6050	4	no
6051	2	no
6052	4	no
6053	4	no
6054	1	no
6055	4	no
6056	4	no
6057	4	no
6058	1	no
6059	1	no
6060	0	no
6061	4	no
6062	4	no
6063	0	no
6064	0	no
6065	2	no
6066	4	no
6067	4	no
6068	4	no
6069	2	no
6070	4	no
6071	4	no
6072	1	no
6073	4	no
6074	4	no
6075	4	no
6076	0	no
6077	4	no
6078	4	no
6079	4	no
6080	4	no
6081	4	no
6082	4	no
6083	0	no
6084	0	no
6085	0	no
6086	2	no
6087	4	no
6088	4	no
6089	4	no
6090	4	no
6091	4	no
6092	4	no
6093	0	no
6094	4	no
6095	4	no
6096	4	no
6097	4	no
6098	4	no
6099	4	no
6100	1	no
6101	1	no
6102	4	no
6103	2	no
6104	4	no
6105	2	no
6106	4	no
6107	0	no
6108	4	no
6109	0	no
6110	4	no
6111	4	no
6112	4	no
6113	4	no
6114	4	no
6115	4	no
6116	4	no
6117	1	no
6118	4	no
6119	0	no
6120	4	no
6121	1	no
6122	4	no
6123	0	no
6124	0	no
6125	1	no
6126	2	no
6127	0	no
6128	0	no
6129	4	no
6130	4	no
6131	4	no
6132	4	no
6133	1	no
6134	4	no
6135	0	no
6136	1	no
6137	4	no
6138	0	no
6139	4	no
6140	4	no
6141	4	no
6142	2	no
6143	4	no
6144	4	no
6145	1	no
6146	4	no
6147	2	no
6148	4	no
6149	4	no
6150	4	no
6151	4	no
6152	4	no
6153	4	no
6154	4	no
6155	4	no
6156	0	no
6157	2	no
6158	4	no
6159	4	no
6160	2	no
6161	4	no
6162	1	no
6163	4	no
6164	4	no
6165	0	no
6166	4	no
6167	2	no
6168	4	no
6169	4	no
6170	4	no
6171	4	no
6172	4	no
6173	2	no
6174	4	no
6175	4	no
6176	4	no
6177	4	no
6178	0	no
6179	4	no
6180	4	no
6181	2	no
6182	4	no
6183	4	no
6184	4	no
6185	0	no
6186	1	no
6187	2	no
6188	0	no
6189	4	no
6190	0	no
6191	0	no
6192	4	no
6193	2	no
6194	4	no
6195	4	no
6196	4	no
6197	5	no
6198	4	no
6199	4	no
6200	4	no
6201	4	no
6202	0	no
6203	2	no
6204	4	no
6205	4	no
6206	4	no
6207	2	no
6208	4	no
6209	4	no
6210	4	no
6211	2	no
6212	4	no
6213	4	no
6214	1	no
6215	0	no
6216	4	no
6217	4	no
6218	0	no
6219	4	no
6220	0	no
6221	4	no
6222	4	no
6223	4	no
6224	0	no
6225	5	no
6226	1	no
6227	4	no
6228	4	no
6229	4	no
6230	2	no
6231	4	no
6232	4	no
6233	0	no
6234	0	no
6235	4	no
6236	0	no
6237	4	no
6238	0	no
6239	4	no
6240	4	no
6241	2	no
6242	4	no
6243	4	no
6244	4	no
6245	4	no
6246	1	no
6247	4	no
6248	4	no
6249	4	no
6250	0	no
6251	2	no
6252	0	no
6253	5	no
6254	2	no
6255	4	no
6256	2	no
6257	0	no
6258	4	no
6259	4	no
6260	4	no
6261	4	no
6262	2	no
6263	4	no
6264	4	no
6265	4	no
6266	4	no
6267	0	no
6268	0	no
6269	4	no
6270	0	no
6271	4	no
6272	4	no
6273	4	no
6274	4	no
6275	1	no
6276	4	no
6277	0	no
6278	4	no
6279	1	no
6280	4	no
6281	4	no
6282	4	no
6283	2	no
6284	4	no
6285	4	no
6286	5	no
6287	4	no
6288	4	no
6289	4	no
6290	4	no
6291	4	no
6292	4	no
6293	4	no
6294	4	no
6295	4	no
6296	2	no
6297	4	no
6298	4	no
6299	4	no
6300	2	no
6301	4	no
6302	4	no
6303	4	no
6304	4	no
6305	0	no
6306	4	no
6307	4	no
6308	1	no
6309	0	no
6310	0	no
6311	4	no
6312	4	no
6313	4	no
6314	4	no
6315	2	no
6316	4	no
6317	4	no
6318	4	no
6319	4	no
6320	0	no
6321	4	no
6322	4	no
6323	0	no
6324	2	no
6325	2	no
6326	4	no
6327	4	no
6328	4	no
6329	4	no
6330	2	no
6331	4	no
6332	0	no
6333	4	no
6334	4	no
6335	4	no
6336	1	no
6337	4	no
6338	4	no
6339	0	no
6340	1	no
6341	1	no
6342	0	no
6343	1	no
6344	0	no
6345	5	no
6346	4	no
6347	4	no
6348	4	no
6349	1	no
6350	4	no
6351	2	no
6352	0	no
6353	1	no
6354	4	no
6355	0	no
6356	4	no
6357	4	no
6358	4	no
6359	0	no
6360	4	no
6361	2	no
6362	4	no
6363	2	no
6364	4	no
6365	0	no
6366	4	no
6367	1	no
6368	2	no
6369	2	no
6370	4	no
6371	4	no
6372	4	no
6373	4	no
6374	0	no
6375	5	no
6376	4	no
6377	0	no
6378	2	no
6379	5	no
6380	5	no
6381	4	no
6382	4	no
6383	4	no
6384	4	no
6385	1	no
6386	4	no
6387	2	no
6388	4	no
6389	4	no
6390	0	no
6391	4	no
6392	4	no
6393	0	no
6394	2	no
6395	2	no
6396	0	no
6397	4	no
6398	4	no
6399	4	no
6400	4	no
6401	0	no
6402	1	no
6403	4	no
6404	4	no
6405	4	no
6406	4	no
6407	0	no
6408	4	no
6409	1	no
6410	2	no
6411	4	no
6412	2	no
6413	2	no
6414	4	no
6415	0	no
6416	2	no
6417	4	no
6418	4	no
6419	0	no
6420	1	no
6421	4	no
6422	4	no
6423	4	no
6424	0	no
6425	4	no
6426	2	no
6427	4	no
6428	2	no
6429	4	no
6430	0	no
6431	0	no
6432	1	no
6433	0	no
6434	4	no
6435	4	no
6436	0	no
6437	1	no
6438	0	no
6439	5	no
6440	5	no
6441	4	no
6442	4	no
6443	4	no
6444	4	no
6445	2	no
6446	4	no
6447	4	no
6448	0	no
6449	4	no
6450	0	no
6451	4	no
6452	4	no
6453	4	no
6454	4	no
6455	4	no
6456	4	no
6457	2	no
6458	0	no
6459	4	no
6460	4	no
6461	0	no
6462	4	no
6463	2	no
6464	0	no
6465	0	no
6466	4	no
6467	4	no
6468	2	no
6469	4	no
6470	5	no
6471	0	no
6472	4	no
6473	4	no
6474	4	no
6475	4	no
6476	4	no
6477	4	no
6478	2	no
6479	4	no
6480	4	no
6481	4	no
6482	2	no
6483	4	no
6484	0	no
6485	4	no
6486	2	no
6487	0	no
6488	4	no
6489	2	no
6490	2	no
6491	4	no
6492	0	no
6493	0	no
6494	4	no
6495	4	no
6496	0	no
6497	4	no
6498	4	no
6499	4	no
6500	0	no
6501	2	no
6502	1	no
6503	1	no
6504	4	no
6505	4	no
6506	4	no
6507	4	no
6508	4	no
6509	2	no
6510	4	no
6511	4	no
6512	4	no
6513	4	no
6514	4	no
6515	4	no
6516	4	no
6517	1	no
6518	4	no
6519	4	no
6520	0	no
6521	1	no
6522	4	no
6523	4	no
6524	4	no
6525	1	no
6526	4	no
6527	0	no
6528	4	no
6529	0	no
6530	2	no
6531	4	no
6532	4	no
6533	4	no
6534	1	no
6535	0	no
6536	1	no
6537	4	no
6538	0	no
6539	4	no
6540	4	no
6541	4	no
6542	2	no
6543	4	no
6544	2	no
6545	4	no
6546	4	no
6547	1	no
6548	4	no
6549	4	no
6550	0	no
6551	4	no
6552	1	no
6553	2	no
6554	4	no
6555	4	no
6556	4	no
6557	1	no
6558	4	no
6559	4	no
6560	0	no
6561	4	no
6562	4	no
6563	4	no
6564	0	no
6565	4	no
6566	4	no
6567	4	no
6568	0	no
6569	4	no
6570	4	no
6571	4	no
6572	4	no
6573	4	no
6574	4	no
6575	4	no
6576	0	no
6577	2	no
6578	0	no
6579	0	no
6580	4	no
6581	4	no
6582	4	no
6583	4	no
6584	4	no
6585	4	no
6586	2	no
6587	4	no
6588	4	no
6589	4	no
6590	2	no
6591	4	no
6592	4	no
6593	4	no
6594	4	no
6595	4	no
6596	4	no
6597	0	no
6598	4	no
6599	4	no
6600	4	no
6601	4	no
6602	4	no
6603	4	no
6604	4	no
6605	3	no
6606	4	no
6607	0	no
6608	0	no
6609	4	no
6610	4	no
6611	4	no
6612	4	no
6613	4	no
6614	1	no
6615	4	no
6616	5	no
6617	4	no
6618	4	no
6619	4	no
6620	4	no
6621	4	no
6622	4	no
6623	2	no
6624	4	no
6625	4	no
6626	4	no
6627	2	no
6628	2	no
6629	0	no
6630	4	no
6631	4	no
6632	4	no
6633	2	no
6634	0	no
6635	4	no
6636	4	no
6637	0	no
6638	0	no
6639	4	no
6640	1	no
6641	4	no
6642	4	no
6643	0	no
6644	1	no
6645	0	no
6646	4	no
6647	2	no
6648	4	no
6649	4	no
6650	4	no
6651	1	no
6652	2	no
6653	4	no
6654	0	no
6655	1	no
6656	4	no
6657	4	no
6658	0	no
6659	4	no
6660	4	no
6661	4	no
6662	4	no
6663	4	no
6664	4	no
6665	0	no
6666	2	no
6667	4	no
6668	0	no
6669	2	no
6670	0	no
6671	4	no
6672	0	no
6673	5	no
6674	4	no
6675	5	no
6676	4	no
6677	0	no
6678	4	no
6679	4	no
6680	4	no
6681	3	no
6682	4	no
6683	4	no
6684	2	no
6685	0	no
6686	0	no
6687	4	no
6688	4	no
6689	4	no
6690	2	no
6691	1	no
6692	4	no
6693	4	no
6694	1	no
6695	4	no
6696	2	no
6697	4	no
6698	4	no
6699	4	no
6700	0	no
6701	0	no
6702	4	no
6703	5	no
6704	4	no
6705	1	no
6706	4	no
6707	1	no
6708	4	no
6709	2	no
6710	4	no
6711	2	no
6712	2	no
6713	0	no
6714	4	no
6715	0	no
6716	4	no
6717	2	no
6718	1	no
6719	2	no
6720	4	no
6721	0	no
6722	0	no
6723	4	no
6724	4	no
6725	1	no
6726	4	no
6727	1	no
6728	4	no
6729	2	no
6730	4	no
6731	4	no
6732	1	no
6733	0	no
6734	0	no
6735	1	no
6736	0	no
6737	4	no
6738	4	no
6739	0	no
6740	4	no
6741	4	no
6742	4	no
6743	5	no
6744	4	no
6745	4	no
6746	0	no
6747	4	no
6748	2	no
6749	4	no
6750	4	no
6751	4	no
6752	4	no
6753	2	no
6754	4	no
6755	4	no
6756	0	no
6757	0	no
6758	4	no
6759	0	no
6760	4	no
6761	4	no
6762	0	no
6763	4	no
6764	4	no
6765	2	no
6766	4	no
6767	0	no
6768	4	no
6769	0	no
6770	4	no
6771	4	no
6772	2	no
6773	4	no
6774	4	no
6775	4	no
6776	4	no
6777	4	no
6778	4	no
6779	0	no
6780	2	no
6781	2	no
6782	4	no
6783	0	no
6784	1	no
6785	4	no
6786	1	no
6787	4	no
6788	4	no
6789	4	no
6790	1	no
6791	2	no
6792	2	no
6793	4	no
6794	3	no
6795	0	no
6796	4	no
6797	0	no
6798	4	no
6799	4	no
6800	4	no
6801	4	no
6802	4	no
6803	4	no
6804	0	no
6805	4	no
6806	4	no
6807	4	no
6808	4	no
6809	4	no
6810	4	no
6811	4	no
6812	4	no
6813	4	no
6814	4	no
6815	4	no
6816	2	no
6817	4	no
6818	4	no
6819	5	no
6820	4	no
6821	4	no
6822	4	no
6823	4	no
6824	4	no
6825	4	no
6826	4	no
6827	4	no
6828	4	no
6829	4	no
6830	0	no
6831	4	no
6832	4	no
6833	4	no
6834	4	no
6835	2	no
6836	4	no
6837	1	no
6838	4	no
6839	4	no
6840	0	no
6841	4	no
6842	4	no
6843	0	no
6844	4	no
6845	4	no
6846	0	no
6847	4	no
6848	4	no
6849	1	no
6850	4	no
6851	4	no
6852	4	no
6853	0	no
6854	4	no
6855	4	no
6856	3	no
6857	0	no
6858	4	no
6859	0	no
6860	4	no
6861	4	no
6862	4	no
6863	4	no
6864	4	no
6865	1	no
6866	4	no
6867	2	no
6868	0	no
6869	4	no
6870	4	no
6871	0	no
6872	4	no
6873	4	no
6874	0	no
6875	4	no
6876	4	no
6877	4	no
6878	4	no
6879	4	no
6880	4	no
6881	4	no
6882	4	no
6883	0	no
6884	1	no
6885	0	no
6886	4	no
6887	4	no
6888	1	no
6889	4	no
6890	4	no
6891	3	no
6892	4	no
6893	4	no
6894	4	no
6895	4	no
6896	4	no
6897	4	no
6898	1	no
6899	2	no
6900	4	no
6901	4	no
6902	4	no
6903	1	no
6904	2	no
6905	4	no
6906	4	no
6907	1	no
6908	4	no
6909	0	no
6910	4	no
6911	4	no
6912	4	no
6913	4	no
6914	4	no
6915	5	no
6916	4	no
6917	2	no
6918	4	no
6919	4	no
6920	4	no
6921	4	no
6922	4	no
6923	4	no
6924	4	no
6925	4	no
6926	0	no
6927	0	no
6928	1	no
6929	4	no
6930	4	no
6931	2	no
6932	2	no
6933	1	no
6934	4	no
6935	4	no
6936	0	no
6937	4	no
6938	4	no
6939	4	no
6940	4	no
6941	2	no
6942	4	no
6943	0	no
6944	4	no
6945	4	no
6946	4	no
6947	4	no
6948	4	no
6949	4	no
6950	4	no
6951	0	no
6952	2	no
6953	0	no
6954	4	no
6955	4	no
6956	4	no
6957	4	no
6958	4	no
6959	2	no
6960	4	no
6961	0	no
6962	4	no
6963	4	no
6964	4	no
6965	0	no
6966	4	no
6967	4	no
6968	4	no
6969	4	no
6970	2	no
6971	4	no
6972	4	no
6973	4	no
6974	1	no
6975	0	no
6976	4	no
6977	4	no
6978	4	no
6979	4	no
6980	0	no
6981	4	no
6982	0	no
6983	4	no
6984	4	no
6985	2	no
6986	1	no
6987	4	no
6988	4	no
6989	2	no
6990	2	no
6991	4	no
6992	4	no
6993	4	no
6994	4	no
6995	4	no
6996	0	no
6997	0	no
6998	2	no
6999	4	no
7000	4	no
7001	4	no
7002	4	no
7003	4	no
7004	5	no
7005	2	no
7006	4	no
7007	4	no
7008	4	no
7009	4	no
7010	4	no
7011	4	no
7012	4	no
7013	2	no
7014	0	no
7015	0	no
7016	4	no
7017	0	no
7018	0	no
7019	2	no
7020	4	no
7021	4	no
7022	4	no
7023	4	no
7024	4	no
7025	2	no
7026	4	no
7027	4	no
7028	0	no
7029	0	no
7030	4	no
7031	4	no
7032	2	no
7033	0	no
7034	3	no
7035	4	no
7036	2	no
7037	4	no
7038	2	no
7039	4	no
7040	4	no
7041	0	no
7042	0	no
7043	4	no
7044	0	no
7045	4	no
7046	4	no
7047	4	no
7048	0	no
7049	4	no
7050	0	no
7051	1	no
7052	0	no
7053	0	no
7054	3	no
7055	0	no
7056	2	no
7057	0	no
7058	0	no
7059	4	no
7060	0	no
7061	4	no
7062	2	no
7063	0	no
7064	1	no
7065	4	no
7066	0	no
7067	2	no
7068	4	no
7069	4	no
7070	1	no
7071	4	no
7072	4	no
7073	1	no
7074	0	no
7075	2	no
7076	4	no
7077	4	no
7078	4	no
7079	4	no
7080	4	no
7081	4	no
7082	4	no
7083	4	no
7084	4	no
7085	4	no
7086	2	no
7087	0	no
7088	4	no
7089	4	no
7090	4	no
7091	4	no
7092	2	no
7093	4	no
7094	2	no
7095	4	no
7096	0	no
7097	4	no
7098	0	no
7099	0	no
7100	0	no
7101	1	no
7102	4	no
7103	1	no
7104	1	no
7105	4	no
7106	4	no
7107	1	no
7108	2	no
7109	4	no
7110	4	no
7111	4	no
7112	3	no
7113	4	no
7114	4	no
7115	4	no
7116	0	no
7117	4	no
7118	4	no
7119	4	no
7120	0	no
7121	4	no
7122	0	no
7123	4	no
7124	4	no
7125	0	no
7126	4	no
7127	4	no
7128	5	no
7129	5	no
7130	4	no
7131	0	no
7132	4	no
7133	4	no
7134	0	no
7135	2	no
7136	2	no
7137	4	no
7138	0	no
7139	4	no
7140	1	no
7141	2	no
7142	4	no
7143	4	no
7144	4	no
7145	4	no
7146	4	no
7147	4	no
7148	4	no
7149	0	no
7150	0	no
7151	4	no
7152	4	no
7153	5	no
7154	2	no
7155	4	no
7156	2	no
7157	0	no
7158	4	no
7159	0	no
7160	2	no
7161	0	no
7162	4	no
7163	0	no
7164	4	no
7165	1	no
7166	0	no
7167	4	no
7168	4	no
7169	4	no
7170	4	no
7171	4	no
7172	4	no
7173	4	no
7174	0	no
7175	4	no
7176	1	no
7177	4	no
7178	1	no
7179	4	no
7180	2	no
7181	2	no
7182	0	no
7183	4	no
7184	4	no
7185	4	no
7186	4	no
7187	4	no
7188	4	no
7189	4	no
7190	2	no
7191	0	no
7192	4	no
7193	4	no
7194	0	no
7195	4	no
7196	4	no
7197	4	no
7198	4	no
7199	0	no
7200	4	no
7201	4	no
7202	4	no
7203	4	no
7204	2	no
7205	4	no
7206	0	no
7207	2	no
7208	0	no
7209	4	no
7210	4	no
7211	2	no
7212	0	no
7213	4	no
7214	5	no
7215	4	no
7216	4	no
7217	4	no
7218	4	no
7219	0	no
7220	0	no
7221	0	no
7222	5	no
7223	4	no
7224	4	no
7225	4	no
7226	1	no
7227	1	no
7228	4	no
7229	4	no
7230	4	no
7231	2	no
7232	0	no
7233	0	no
7234	4	no
7235	4	no
7236	4	no
7237	4	no
7238	4	no
7239	4	no
7240	4	no
7241	4	no
7242	4	no
7243	0	no
7244	2	no
7245	4	no
7246	4	no
7247	4	no
7248	4	no
7249	3	no
7250	4	no
7251	1	no
7252	2	no
7253	4	no
7254	4	no
7255	4	no
7256	4	no
7257	4	no
7258	4	no
7259	5	no
7260	4	no
7261	1	no
7262	1	no
7263	1	no
7264	4	no
7265	4	no
7266	1	no
7267	4	no
7268	0	no
7269	1	no
7270	2	no
7271	4	no
7272	4	no
7273	4	no
7274	1	no
7275	4	no
7276	4	no
7277	4	no
7278	1	no
7279	0	no
7280	4	no
7281	4	no
7282	4	no
7283	4	no
7284	4	no
7285	1	no
7286	4	no
7287	2	no
7288	2	no
7289	4	no
7290	4	no
7291	4	no
7292	4	no
7293	4	no
7294	0	no
7295	0	no
7296	2	no
7297	2	no
7298	4	no
7299	4	no
7300	4	no
7301	4	no
7302	0	no
7303	4	no
7304	4	no
7305	3	no
7306	4	no
7307	4	no
7308	4	no
7309	3	no
7310	0	no
7311	4	no
7312	1	no
7313	4	no
7314	1	no
7315	1	no
7316	4	no
7317	4	no
7318	4	no
7319	2	no
7320	4	no
7321	2	no
7322	4	no
7323	4	no
7324	4	no
7325	1	no
7326	4	no
7327	0	no
7328	4	no
7329	4	no
7330	4	no
7331	4	no
7332	4	no
7333	4	no
7334	4	no
7335	0	no
7336	4	no
7337	4	no
7338	0	no
7339	4	no
7340	4	no
7341	4	no
7342	4	no
7343	2	no
7344	1	no
7345	2	no
7346	4	no
7347	4	no
7348	2	no
7349	4	no
7350	0	no
7351	0	no
7352	4	no
7353	2	no
7354	4	no
7355	2	no
7356	0	no
7357	1	no
7358	0	no
7359	4	no
7360	4	no
7361	4	no
7362	2	no
7363	0	no
7364	4	no
7365	4	no
7366	1	no
7367	1	no
7368	4	no
7369	4	no
7370	4	no
7371	0	no
7372	4	no
7373	0	no
7374	4	no
7375	4	no
7376	4	no
7377	1	no
7378	1	no
7379	0	no
7380	4	no
7381	4	no
7382	4	no
7383	4	no
7384	0	no
7385	1	no
7386	0	no
7387	1	no
7388	4	no
7389	0	no
7390	4	no
7391	4	no
7392	4	no
7393	4	no
7394	0	no
7395	4	no
7396	4	no
7397	4	no
7398	4	no
7399	4	no
7400	4	no
7401	4	no
7402	4	no
7403	4	no
7404	1	no
7405	2	no
7406	4	no
7407	0	no
7408	2	no
7409	4	no
7410	2	no
7411	2	no
7412	0	no
7413	0	no
7414	4	no
7415	4	no
7416	1	no
7417	4	no
7418	1	no
7419	5	no
7420	1	no
7421	4	no
7422	4	no
7423	4	no
7424	4	no
7425	2	no
7426	5	no
7427	2	no
7428	4	no
7429	4	no
7430	4	no
7431	4	no
7432	4	no
7433	4	no
7434	4	no
7435	0	no
7436	4	no
7437	4	no
7438	2	no
7439	4	no
7440	1	no
7441	4	no
7442	4	no
7443	4	no
7444	4	no
7445	1	no
7446	1	no
7447	4	no
7448	4	no
7449	4	no
7450	2	no
7451	0	no
7452	1	no
7453	1	no
7454	4	no
7455	1	no
7456	4	no
7457	4	no
7458	4	no
7459	4	no
7460	0	no
7461	2	no
7462	4	no
7463	4	no
7464	4	no
7465	4	no
7466	4	no
7467	4	no
7468	4	no
7469	4	no
7470	0	no
7471	4	no
7472	4	no
7473	0	no
7474	4	no
7475	4	no
7476	4	no
7477	4	no
7478	4	no
7479	4	no
7480	2	no
7481	4	no
7482	4	no
7483	0	no
7484	4	no
7485	4	no
7486	1	no
7487	0	no
7488	4	no
7489	4	no
7490	2	no
7491	0	no
7492	4	no
7493	1	no
7494	4	no
7495	4	no
7496	4	no
7497	0	no
7498	4	no
7499	4	no
7500	4	no
7501	4	no
7502	4	no
7503	4	no
7504	2	no
7505	4	no
7506	4	no
7507	4	no
7508	4	no
7509	0	no
7510	0	no
7511	4	no
7512	4	no
7513	0	no
7514	1	no
7515	5	no
7516	0	no
7517	0	no
7518	1	no
7519	4	no
7520	4	no
7521	2	no
7522	4	no
7523	4	no
7524	0	no
7525	2	no
7526	2	no
7527	2	no
7528	4	no
7529	4	no
7530	4	no
7531	1	no
7532	2	no
7533	0	no
7534	0	no
7535	1	no
7536	4	no
7537	5	no
7538	0	no
7539	2	no
7540	4	no
7541	4	no
7542	4	no
7543	1	no
7544	2	no
7545	4	no
7546	2	no
7547	4	no
7548	4	no
7549	4	no
7550	0	no
7551	4	no
7552	1	no
7553	4	no
7554	4	no
7555	2	no
7556	4	no
7557	4	no
7558	4	no
7559	4	no
7560	4	no
7561	2	no
7562	0	no
7563	4	no
7564	0	no
7565	2	no
7566	4	no
7567	4	no
7568	4	no
7569	4	no
7570	0	no
7571	4	no
7572	4	no
7573	1	no
7574	0	no
7575	4	no
7576	4	no
7577	4	no
7578	4	no
7579	1	no
7580	4	no
7581	1	no
7582	1	no
7583	0	no
7584	2	no
7585	4	no
7586	4	no
7587	2	no
7588	0	no
7589	1	no
7590	0	no
7591	4	no
7592	4	no
7593	0	no
7594	0	no
7595	4	no
7596	0	no
7597	4	no
7598	0	no
7599	4	no
7600	4	no
7601	2	no
7602	0	no
7603	0	no
7604	4	no
7605	4	no
7606	0	no
7607	2	no
7608	2	no
7609	0	no
7610	4	no
7611	0	no
7612	4	no
7613	4	no
7614	4	no
7615	4	no
7616	0	no
7617	1	no
7618	4	no
7619	4	no
7620	4	no
7621	2	no
7622	0	no
7623	4	no
7624	0	no
7625	1	no
7626	0	no
7627	2	no
7628	4	no
7629	5	no
7630	4	no
7631	4	no
7632	2	no
7633	0	no
7634	4	no
7635	4	no
7636	4	no
7637	1	no
7638	4	no
7639	4	no
7640	4	no
7641	2	no
7642	4	no
7643	0	no
7644	2	no
7645	4	no
7646	0	no
7647	4	no
7648	0	no
7649	4	no
7650	4	no
7651	4	no
7652	0	no
7653	2	no
7654	4	no
7655	4	no
7656	0	no
7657	4	no
7658	4	no
7659	4	no
7660	4	no
7661	4	no
7662	4	no
7663	4	no
7664	1	no
7665	4	no
7666	0	no
7667	4	no
7668	0	no
7669	4	no
7670	1	no
7671	2	no
7672	0	no
7673	4	no
7674	0	no
7675	1	no
7676	4	no
7677	0	no
7678	0	no
7679	4	no
7680	4	no
7681	4	no
7682	0	no
7683	4	no
7684	4	no
7685	4	no
7686	4	no
7687	4	no
7688	1	no
7689	4	no
7690	4	no
7691	4	no
7692	0	no
7693	4	no
7694	4	no
7695	0	no
7696	4	no
7697	4	no
7698	4	no
7699	4	no
7700	4	no
7701	4	no
7702	4	no
7703	4	no
7704	4	no
7705	4	no
7706	4	no
7707	4	no
7708	4	no
7709	4	no
7710	5	no
7711	4	no
7712	4	no
7713	5	no
7714	4	no
7715	4	no
7716	1	no
7717	4	no
7718	1	no
7719	0	no
7720	4	no
7721	0	no
7722	4	no
7723	4	no
7724	4	no
7725	4	no
7726	4	no
7727	4	no
7728	4	no
7729	1	no
7730	4	no
7731	4	no
7732	4	no
7733	3	no
7734	4	no
7735	0	no
7736	4	no
7737	4	no
7738	0	no
7739	4	no
7740	4	no
7741	0	no
7742	4	no
7743	0	no
7744	1	no
7745	2	no
7746	4	no
7747	4	no
7748	0	no
7749	4	no
7750	4	no
7751	4	no
7752	4	no
7753	0	no
7754	0	no
7755	0	no
7756	4	no
7757	4	no
7758	4	no
7759	4	no
7760	0	no
7761	4	no
7762	4	no
7763	2	no
7764	2	no
7765	4	no
7766	4	no
7767	2	no
7768	0	no
7769	4	no
7770	4	no
7771	1	no
7772	0	no
7773	4	no
7774	4	no
7775	2	no
7776	4	no
7777	0	no
7778	4	no
7779	1	no
7780	4	no
7781	4	no
7782	2	no
7783	4	no
7784	4	no
7785	4	no
7786	2	no
7787	0	no
7788	4	no
7789	4	no
7790	1	no
7791	4	no
7792	0	no
7793	2	no
7794	1	no
7795	0	no
7796	3	no
7797	0	no
7798	4	no
7799	0	no
7800	2	no
7801	4	no
7802	4	no
7803	0	no
7804	1	no
7805	4	no
7806	0	no
7807	4	no
7808	1	no
7809	2	no
7810	4	no
7811	4	no
7812	4	no
7813	4	no
7814	2	no
7815	3	no
7816	4	no
7817	0	no
7818	4	no
7819	4	no
7820	1	no
7821	2	no
7822	2	no
7823	4	no
7824	4	no
7825	4	no
7826	4	no
7827	4	no
7828	4	no
7829	0	no
7830	4	no
7831	4	no
7832	4	no
7833	1	no
7834	2	no
7835	2	no
7836	2	no
7837	4	no
7838	0	no
7839	2	no
7840	0	no
7841	4	no
7842	4	no
7843	1	no
7844	1	no
7845	2	no
7846	4	no
7847	4	no
7848	4	no
7849	4	no
7850	0	no
7851	4	no
7852	4	no
7853	4	no
7854	4	no
7855	0	no
7856	2	no
7857	4	no
7858	4	no
7859	4	no
7860	4	no
7861	4	no
7862	2	no
7863	4	no
7864	4	no
7865	2	no
7866	2	no
7867	2	no
7868	1	no
7869	4	no
7870	4	no
7871	2	no
7872	4	no
7873	4	no
7874	4	no
7875	2	no
7876	0	no
7877	4	no
7878	4	no
7879	4	no
7880	4	no
7881	4	no
7882	4	no
7883	1	no
7884	2	no
7885	4	no
7886	4	no
7887	4	no
7888	4	no
7889	4	no
7890	2	no
7891	2	no
7892	4	no
7893	4	no
7894	0	no
7895	4	no
7896	4	no
7897	4	no
7898	1	no
7899	0	no
7900	4	no
7901	2	no
7902	4	no
7903	4	no
7904	4	no
7905	4	no
7906	4	no
7907	2	no
7908	0	no
7909	4	no
7910	0	no
7911	4	no
7912	2	no
7913	4	no
7914	2	no
7915	4	no
7916	0	no
7917	4	no
7918	4	no
7919	0	no
7920	4	no
7921	4	no
7922	4	no
7923	0	no
7924	4	no
7925	2	no
7926	4	no
7927	2	no
7928	0	no
7929	0	no
7930	4	no
7931	4	no
7932	4	no
7933	4	no
7934	4	no
7935	4	no
7936	1	no
7937	4	no
7938	4	no
7939	0	no
7940	4	no
7941	4	no
7942	4	no
7943	2	no
7944	0	no
7945	1	no
7946	0	no
7947	0	no
7948	2	no
7949	4	no
7950	0	no
7951	1	no
7952	1	no
7953	4	no
7954	4	no
7955	1	no
7956	2	no
7957	0	no
7958	4	no
7959	0	no
7960	4	no
7961	2	no
7962	0	no
7963	4	no
7964	0	no
7965	4	no
7966	2	no
7967	2	no
7968	4	no
7969	0	no
7970	1	no
7971	2	no
7972	0	no
7973	0	no
7974	4	no
7975	4	no
7976	3	no
7977	4	no
7978	4	no
7979	4	no
7980	4	no
7981	1	no
7982	0	no
7983	2	no
7984	4	no
7985	0	no
7986	4	no
7987	4	no
7988	4	no
7989	4	no
7990	4	no
7991	1	no
7992	4	no
7993	2	no
7994	4	no
7995	2	no
7996	4	no
7997	4	no
7998	2	no
7999	4	no
8000	0	no
8001	4	no
8002	4	no
8003	2	no
8004	4	no
8005	4	no
8006	0	no
8007	0	no
8008	4	no
8009	4	no
8010	4	no
8011	4	no
8012	2	no
8013	4	no
8014	1	no
8015	4	no
8016	0	no
8017	4	no
8018	4	no
8019	0	no
8020	4	no
8021	4	no
8022	4	no
8023	4	no
8024	4	no
8025	5	no
8026	4	no
8027	2	no
8028	4	no
8029	0	no
8030	0	no
8031	1	no
8032	4	no
8033	2	no
8034	4	no
8035	0	no
8036	4	no
8037	4	no
8038	4	no
8039	4	no
8040	0	no
8041	4	no
8042	0	no
8043	4	no
8044	2	no
8045	4	no
8046	2	no
8047	0	no
8048	1	no
8049	4	no
8050	0	no
8051	4	no
8052	0	no
8053	4	no
8054	0	no
8055	0	no
8056	1	no
8057	4	no
8058	4	no
8059	4	no
8060	4	no
8061	4	no
8062	2	no
8063	0	no
8064	4	no
8065	0	no
8066	4	no
8067	0	no
8068	1	no
8069	4	no
8070	4	no
8071	4	no
8072	2	no
8073	2	no
8074	4	no
8075	0	no
8076	4	no
8077	4	no
8078	4	no
8079	4	no
8080	4	no
8081	4	no
8082	4	no
8083	1	no
8084	2	no
8085	1	no
8086	0	no
8087	2	no
8088	1	no
8089	0	no
8090	0	no
8091	4	no
8092	4	no
8093	4	no
8094	4	no
8095	2	no
8096	4	no
8097	4	no
8098	0	no
8099	4	no
8100	4	no
8101	2	no
8102	0	no
8103	2	no
8104	4	no
8105	4	no
8106	1	no
8107	0	no
8108	4	no
8109	4	no
8110	4	no
8111	2	no
8112	4	no
8113	4	no
8114	4	no
8115	4	no
8116	4	no
8117	4	no
8118	0	no
8119	0	no
8120	4	no
8121	4	no
8122	0	no
8123	0	no
8124	4	no
8125	4	no
8126	4	no
8127	0	no
8128	0	no
8129	1	no
8130	4	no
8131	4	no
8132	4	no
8133	1	no
8134	0	no
8135	4	no
8136	2	no
8137	4	no
8138	2	no
8139	1	no
8140	4	no
8141	4	no
8142	4	no
8143	4	no
8144	4	no
8145	4	no
8146	5	no
